Data Year,State abbreviation,FIPS State code,State nameplate capacity (MW),State annual heat input from combustion (MMBtu),State ozone season heat input from combustion (MMBtu),State total annual heat input (MMBtu),State total ozone season heat input (MMBtu),State annual net generation (MWh),State ozone season net generation (MWh),State annual nonbaseload generation (MWh),State annual NOx emissions (tons),State ozone season NOx emissions (tons),State annual SO2 emissions (tons),State annual CO2 emissions (tons),State annual CH4 emissions (lbs),State annual N2O emissions (lbs),State annual CO2 equivalent emissions (tons),State annual Hg emissions (lbs),State annual NOx total output emission rate (lb/MWh),State ozone season NOx total output emission rate (lb/MWh),State annual SO2 total output emission rate (lb/MWh),State annual CO2 total output emission rate (lb/MWh),State annual CH4 total output emission rate (lb/MWh),State annual N2O total output emission rate (lb/MWh),State annual CO2 equivalent total output emission rate (lb/MWh),State annual Hg total output emission rate (lb/MWh),State annual NOx input emission rate (lb/MMBtu),State ozone season NOx input emission rate (lb/MMBtu),State annual SO2 input emission rate (lb/MMBtu),State annual CO2 input emission rate (lb/MMBtu),State annual CH4 input emission rate (lb/MMBtu),State annual N2O input emission rate (lb/MMBtu),State annual CO2 equivalent input emission rate (lb/MMBtu),State annual Hg input emission rate (lb/MMBtu),State annual NOx combustion output emission rate (lb/MWh),State ozone season NOx combustion output emission rate (lb/MWh),State annual SO2 combustion output emission rate (lb/MWh),State annual CO2 combustion output emission rate (lb/MWh),State annual CH4 combustion output emission rate (lb/MWh),State annual N2O combustion output emission rate (lb/MWh),State annual CO2 equivalent combustion output emission rate (lb/MWh),State annual Hg combustion output emission rate (lb/MWh),State annual NOx coal output emission rate (lb/MWh),State annual NOx oil output emission rate (lb/MWh),State annual NOx gas output emission rate (lb/MWh),State annual NOx fossil fuel output emission rate (lb/MWh),State ozone season NOx coal output emission rate (lb/MWh),State ozone season NOx oil output emission rate (lb/MWh),State ozone season NOx gas output emission rate (lb/MWh),State ozone season NOx fossil fuel output emission rate (lb/MWh),State annual SO2 coal output emission rate (lb/MWh),State annual SO2 oil output emission rate (lb/MWh),State annual SO2 gas output emission rate (lb/MWh),State annual SO2 fossil fuel output emission rate (lb/MWh),State annual CO2 coal output emission rate (lb/MWh),State annual CO2 oil output emission rate (lb/MWh),State annual CO2 gas output emission rate (lb/MWh),State annual CO2 fossil fuel output emission rate (lb/MWh),State annual CH4 coal output emission rate (lb/MWh),State annual CH4 oil output emission rate (lb/MWh),State annual CH4 gas output emission rate (lb/MWh),State annual CH4 fossil fuel output emission rate (lb/MWh),State annual N2O coal output emission rate (lb/MWh),State annual N2O oil output emission rate (lb/MWh),State annual N2O gas output emission rate (lb/MWh),State annual N2O fossil fuel output emission rate (lb/MWh),State annual CO2 equivalent coal output emission rate (lb/MWh),State annual CO2 equivalent oil output emission rate (lb/MWh),State annual CO2 equivalent gas output emission rate (lb/MWh),State annual CO2 equivalent fossil fuel output emission rate (lb/MWh),State annual Hg coal output emission rate (lb/MWh),State annual Hg fossil fuel output emission rate (lb/MWh),State annual NOx coal input emission rate (lb/MMBtu),State annual NOx oil input emission rate (lb/MMBtu),State annual NOx gas input emission rate (lb/MMBtu),State annual NOx fossil fuel input emission rate (lb/MMBtu),State ozone season NOx coal input emission rate (lb/MMBtu),State ozone season NOx oil input emission rate (lb/MMBtu),State ozone season NOx gas input emission rate (lb/MMBtu),State ozone season NOx fossil fuel input emission rate (lb/MMBtu),State annual SO2 coal input emission rate (lb/MMBtu),State annual SO2 oil input emission rate (lb/MMBtu),State annual SO2 gas input emission rate (lb/MMBtu),State annual SO2 fossil fuel input emission rate (lb/MMBtu),State annual CO2 coal input emission rate (lb/MMBtu),State annual CO2 oil input emission rate (lb/MMBtu),State annual CO2 gas input emission rate (lb/MMBtu),State annual CO2 fossil fuel input emission rate (lb/MMBtu),State annual CH4 coal input emission rate (lb/MMBtu),State annual CH4 oil input emission rate (lb/MMBtu),State annual CH4 gas input emission rate (lb/MMBtu),State annual CH4 fossil fuel input emission rate (lb/MMBtu),State annual N2O coal input emission rate (lb/MMBtu),State annual N2O oil input emission rate (lb/MMBtu),State annual N2O gas input emission rate (lb/MMBtu),State annual N2O fossil fuel input emission rate (lb/MMBtu),State annual CO2 equivalent coal input emission rate (lb/MMBtu),State annual CO2 equivalent oil input emission rate (lb/MMBtu),State annual CO2 equivalent gas input emission rate (lb/MMBtu),State annual CO2 equivalent fossil fuel input emission rate (lb/MMBtu),State annual Hg coal input emission rate (lb/MMBtu),State annual Hg fossil fuel input emission rate (lb/MMBtu),State annual NOx non-baseload output emission rate (lb/MWh),State ozone season NOx non-baseload output emission rate (lb/MWh),State annual SO2 non-baseload output emission rate (lb/MWh),State annual CO2 non-baseload output emission rate (lb/MWh),State annual CH4 non-baseload output emission rate (lb/MWh),State annual N2O non-baseload output emission rate (lb/MWh),State annual CO2 equivalent non-baseload output emission rate (lb/MWh),State annual Hg non-baseload output emission rate (lb/MWh),State annual coal net generation (MWh),State annual oil net generation (MWh),State annual gas net generation (MWh),State annual nuclear net generation (MWh),State annual hydro net generation (MWh),State annual biomass net generation (MWh),State annual wind net generation (MWh),State annual solar net generation (MWh),State annual geothermal net generation (MWh),State annual other fossil net generation (MWh),State annual other unknown/ purchased fuel net generation (MWh),State annual total nonrenewables net generation (MWh),State annual total renewables net generation (MWh),State annual total nonrenewable other unknown/purchased net generation (MWh),State annual total nonhydro renewables net generation (MWh),State annual total combustion net generation (MWh),State annual total noncombustion net generation (MWh),State annual total noncombustion other unknown/purchased net generation (MWh),State coal generation percent (resource mix),State oil generation percent (resource mix),State gas generation percent (resource mix),State nuclear generation percent (resource mix),State hydro generation percent (resource mix),State biomass generation percent (resource mix),State wind generation percent (resource mix),State solar generation percent (resource mix),State geothermal generation percent (resource mix),State other fossil generation percent (resource mix),State other unknown/ purchased fuel generation percent (resource mix),State total nonrenewables generation percent (resource mix),State total renewables generation percent (resource mix),State total nonrenewables other unknown/purchased generation percent (resource mix),State total nonhydro renewables generation percent (resource mix),State total combustion generation percent (resource mix),State total noncombustion generation percent (resource mix),State total noncombustion other unknown/purchased generation percent (resource mix),State annual nonbaseload coal net generation (MWh),State annual nonbaseload oil net generation (MWh),State annual nonbaseload gas net generation (MWh),State annual nonbaseload nuclear net generation (MWh),State annual nonbaseload hydro net generation (MWh),State annual nonbaseload biomass net generation (MWh),State annual nonbaseload wind net generation (MWh),State annual nonbaseload solar net generation (MWh),State annual nonbaseload geothermal net generation (MWh),State annual nonbaseload other fossil net generation (MWh),State annual nonbaseload other unknown/ purchased fuel net generation (MWh),State nonbaseload coal generation percent (resource mix),State nonbaseload oil generation percent (resource mix),State nonbaseload gas generation percent (resource mix),State nonbaseload nuclear generation percent (resource mix),State nonbaseload hydro generation percent (resource mix),State nonbaseload biomass generation percent (resource mix),State nonbaseload wind generation percent (resource mix),State nonbaseload solar generation percent (resource mix),State nonbaseload geothermal generation percent (resource mix),State nonbaseload other fossil generation percent (resource mix),State nonbaseload other unknown/ purchased fuel generation percent (resource mix)
YEAR,PSTATABB,FIPSST,STNAMEPCAP,STHTIAN,STHTIOZ,STHTIANT,STHTIOZT,STNGENAN,STNGENOZ,STNGENNB,STNOXAN,STNOXOZ,STSO2AN,STCO2AN,STCH4AN,STN2OAN,STCO2EQA,STHGAN,STNOXRTA,STNOXRTO,STSO2RTA,STCO2RTA,STCH4RTA,STN2ORTA,STC2ERTA,STHGRTA,STNOXRA,STNOXRO,STSO2RA,STCO2RA,STCH4RA,STN2ORA,STC2ERA,STHGRA,STNOXCRT,STNOXCRO,STSO2CRT,STCO2CRT,STCH4CRT,STN2OCRT,STC2ECRT,STHGCRT,STCNOXRT,STONOXRT,STGNOXRT,STFSNXRT,STCNXORT,STONXORT,STGNXORT,STFSNORT,STCSO2RT,STOSO2RT,STGSO2RT,STFSS2RT,STCCO2RT,STOCO2RT,STGCO2RT,STFSC2RT,STCCH4RT,STOCH4RT,STGCH4RT,STFCH4RT,STCN2ORT,STON2ORT,STGN2ORT,STFN2ORT,STCC2ERT,STOC2ERT,STGC2ERT,STFSC2ERT,STCHGRT,STFSHGRT,STCNOXR,STONOXR,STGNOXR,STFSNXR,STCNXOR,STONXOR,STGNXOR,STFSNOR,STCSO2R,STOSO2R,STGSO2R,STFSS2R,STCCO2R,STOCO2R,STGCO2R,STFSC2R,STCCH4R,STOCH4R,STGCH4R,STFCH4R,STCN2OR,STON2OR,STGN2OR,STFN2OR,STCC2ER,STOC2ER,STGC2ER,STFSC2ER,STCHGR,STFSHGR,STNBNOX,STNBNXO,STNBSO2,STNBCO2,STNBCH4,STNBN2O,STNBC2E,STNBHG,STGENACL,STGENAOL,STGENAGS,STGENANC,STGENAHY,STGENABM,STGENAWI,STGENASO,STGENAGT,STGENAOF,STGENAOP,STGENATN,STGENATR,STGENATO,STGENATH,STGENACY,STGENACN,STGENACO,STCLPR,STOLPR,STGSPR,STNCPR,STHYPR,STBMPR,STWIPR,STSOPR,STGTPR,STOFPR,STOPPR,STTNPR,STTRPR,STTOPR,STTHPR,STCYPR,STCNPR,STCOPR,STNBGNCL,STNBGNOL,STNBGNGS,STNBGNNC,STNBGNHY,STNBGNBM,STNBGNWI,STNBGNSO,STNBGNGT,STNBGNOF,STNBGNOP,STNBCLPR,STNBOLPR,STNBGSPR,STNBNCPR,STNBHYPR,STNBBMPR,STNBWIPR,STNBSOPR,STNBGTPR,STNBOFPR,STNBOPPR
2023,AK,02,"3,096","39,933,924","15,567,342","46,377,373","18,112,668","6,678,905","2,616,111","3,100,025","20,592","8,616","1,350","2,704,369","478,310","66,221","2,719,840",--,6.166,6.587,0.404,809.824,0.072,0.010,814.457,--,1.031,1.107,0.068,135.442,0.012,0.002,136.217,--,8.579,9.164,0.562,"1,126.680",0.100,0.014,"1,133.125",--,1.582,18.606,7.624,8.631,1.352,19.057,8.799,9.261,0.883,2.346,0.017,0.563,"1,194.555","1,550.089","1,010.748","1,134.697",0.2495,0.2754,0.0194,0.1004,0.0363,0.0394,0.0019,0.0139,"1,211.173","1,568.233","1,011.803","1,141.189",--,--,0.282,1.992,0.882,1.041,0.260,2.003,1.001,1.117,0.157,0.251,0.002,0.068,213.132,165.957,116.969,136.805,0.0445,0.0295,0.0022,0.0121,0.0065,0.0042,0.0002,0.0017,216.097,167.899,117.091,137.588,--,--,8.996,9.494,0.704,"1,146.451",0.109,0.015,"1,153.507",--,"730,681","848,592","3,182,407",0,"1,773,391","38,918","109,132",46,0,0," (4,263)","4,761,681","1,921,487"," (4,263)","148,096","4,800,599","1,882,569"," (4,263)",10.9%,12.7%,47.6%,0.0%,26.6%,0.6%,1.6%,0.0%,0.0%,0.0%,0.0%,71.3%,28.8%,0.0%,2.2%,71.9%,28.2%,0.0%,"436,020","751,254","1,885,918",0,0,"26,833",0,0,0,0,0,14.1%,24.2%,60.8%,0.0%,0.0%,0.9%,0.0%,0.0%,0.0%,0.0%,0.0%
2023,AL,01,"32,924","685,579,328","328,809,210","1,194,819,220","545,638,094","138,596,256","62,140,624","33,484,747","14,811","7,572","6,423","49,270,108","6,213,192","906,559","49,477,211",--,0.214,0.244,0.093,710.988,0.045,0.007,713.976,--,0.043,0.046,0.019,143.733,0.009,0.001,144.337,--,0.355,0.405,0.154,"1,181.723",0.075,0.011,"1,186.691",--,0.831,0.000,0.171,0.331,0.854,0.000,0.200,0.368,0.169,0.000,0.021,0.057,"2,222.431",0.000,916.538,"1,232.689",0.2305,0.0000,0.0222,0.0726,0.0334,0.0000,0.0026,0.0100,"2,237.745",0.000,917.842,"1,237.384",--,--,0.075,0.000,0.023,0.040,0.077,0.000,0.026,0.043,0.015,0.000,0.003,0.007,201.820,0.000,122.524,147.885,0.0209,0.0000,0.0030,0.0087,0.0030,0.0000,0.0003,0.0012,203.210,0.000,122.698,148.448,--,--,0.443,0.504,0.155,"1,242.198",0.071,0.010,"1,246.882",--,"18,975,690","23,792","61,216,629","45,579,039","8,429,721","3,170,725",0,"1,200,722",0,32, (93),"125,795,181","12,801,168", (93),"4,371,447","83,386,867","55,209,482", (93),13.7%,0.0%,44.2%,32.9%,6.1%,2.3%,0.0%,0.9%,0.0%,0.0%,0.0%,90.8%,9.2%,0.0%,3.2%,60.2%,39.8%,0.0%,"7,598,866",0,"24,821,047",0,0,"1,064,834",0,0,0,0,0,22.7%,0.0%,74.1%,0.0%,0.0%,3.2%,0.0%,0.0%,0.0%,0.0%,0.0%
2023,AR,05,"17,060","387,817,293","206,396,490","558,043,899","275,659,731","63,195,647","30,812,703","22,053,285","15,231","8,614","27,092","31,389,682","4,775,435","688,041","31,547,703",--,0.482,0.559,0.857,993.413,0.076,0.011,998.414,--,0.079,0.083,0.140,161.879,0.012,0.002,162.694,--,0.691,0.801,1.229,"1,423.671",0.108,0.016,"1,430.838",--,1.475,0.000,0.178,0.685,1.540,0.000,0.208,0.747,3.069,0.000,0.005,1.201,"2,346.875",0.000,875.197,"1,450.016",0.2549,0.0000,0.0161,0.1094,0.0371,0.0000,0.0016,0.0155,"2,363.838",0.000,876.075,"1,457.176",--,--,0.132,0.000,0.024,0.077,0.136,0.000,0.028,0.083,0.274,0.000,0.001,0.136,209.715,0.000,118.848,163.683,0.0228,0.0000,0.0022,0.0123,0.0033,0.0000,0.0002,0.0017,211.231,0.000,118.968,164.491,--,--,1.009,1.071,2.018,"1,648.502",0.142,0.021,"1,657.957",--,"16,844,436","44,535","26,487,467","14,972,481","3,329,310","713,475",0,"797,523",0,"6,914", (495),"58,355,833","4,840,309", (495),"1,510,999","44,096,827","19,099,314", (495),26.7%,0.1%,41.9%,23.7%,5.3%,1.1%,0.0%,1.3%,0.0%,0.0%,0.0%,92.3%,7.7%,0.0%,2.4%,69.8%,30.2%,0.0%,"11,263,724",0,"10,157,083",0,0,"632,479",0,0,0,0,0,51.1%,0.0%,46.1%,0.0%,0.0%,2.9%,0.0%,0.0%,0.0%,0.0%,0.0%
2023,AZ,04,"33,108","544,411,241","262,151,857","930,705,236","432,602,344","111,820,946","52,649,970","37,228,734","16,562","7,705","7,036","38,393,041","4,210,770","574,434","38,528,104",--,0.296,0.293,0.126,686.688,0.038,0.005,689.104,--,0.061,0.059,0.026,141.044,0.008,0.001,141.540,--,0.509,0.503,0.216,"1,179.317",0.065,0.009,"1,183.465",--,1.503,15.889,0.239,0.503,1.481,15.817,0.250,0.486,1.010,9.000,0.005,0.215,"2,273.042","2,916.267",894.039,"1,182.581",0.2393,0.1181,0.0141,0.0613,0.0347,0.0236,0.0014,0.0084,"2,288.934","2,925.822",894.810,"1,186.515",--,--,0.132,0.890,0.032,0.060,0.130,0.888,0.033,0.058,0.089,0.504,0.001,0.026,200.114,163.325,118.748,141.963,0.0211,0.0066,0.0019,0.0074,0.0031,0.0013,0.0002,0.0010,201.514,163.861,118.850,142.435,--,--,0.529,0.502,0.228,"1,203.452",0.066,0.009,"1,207.674",--,"12,068,553","31,568","52,817,503","31,522,590","6,073,576","193,033","1,733,354","7,420,326",0,0," (39,558)","96,440,214","15,420,289"," (39,558)","9,346,713","65,110,658","46,749,846"," (39,558)",10.8%,0.0%,47.2%,28.2%,5.4%,0.2%,1.6%,6.6%,0.0%,0.0%,0.0%,86.2%,13.8%,0.0%,8.4%,58.2%,41.8%,0.0%,"8,507,225",90,"28,697,878",0,0,"23,541",0,0,0,0,0,22.9%,0.0%,77.1%,0.0%,0.0%,0.1%,0.0%,0.0%,0.0%,0.0%,0.0%
2023,CA,06,"96,731","772,978,112","318,325,751","1,315,468,607","585,767,739","216,080,236","99,524,625","59,075,116","31,752","13,368","1,366","42,512,302","4,604,228","559,094","42,650,841",--,0.294,0.269,0.013,393.486,0.021,0.003,394.769,--,0.082,0.084,0.004,109.996,0.006,0.001,110.355,--,0.628,0.574,0.027,840.833,0.046,0.006,843.573,--,1.011,28.562,0.510,0.523,0.614,30.965,0.537,0.548,0.138,2.370,0.006,0.007,"1,133.331","1,802.528",872.354,873.410,0.1173,0.0746,0.0153,0.0156,0.0170,0.0149,0.0015,0.0016,"1,141.114","1,808.574",873.186,874.263,--,--,0.180,2.542,0.069,0.071,0.097,2.906,0.071,0.072,0.025,0.211,0.001,0.001,201.905,160.411,117.995,118.190,0.0209,0.0066,0.0021,0.0021,0.0030,0.0013,0.0002,0.0002,203.291,160.949,118.108,118.306,--,--,0.521,0.528,0.022,883.787,0.038,0.005,886.040,--,"208,862","73,419","94,336,387","17,718,368","31,984,429","5,017,155","13,999,571","40,583,253","11,265,933","1,483,673"," (590,814)","113,820,709","102,850,341"," (590,814)","70,865,912","101,119,496","115,551,554"," (590,814)",0.1%,0.0%,43.7%,8.2%,14.8%,2.3%,6.5%,18.8%,5.2%,0.7%,0.0%,52.7%,47.6%,0.0%,32.8%,46.8%,53.5%,0.0%,"143,972","32,339","55,661,217",0,0,"1,855,803",0,0,0,"1,172,949","208,836",0.2%,0.1%,94.2%,0.0%,0.0%,3.1%,0.0%,0.0%,0.0%,2.0%,0.4%
2023,CO,08,"21,370","363,925,197","155,565,226","436,748,273","186,343,399","57,471,488","24,544,623","21,531,276","15,628","6,481","10,074","31,178,886","5,289,154","754,828","31,352,948",--,0.544,0.528,0.351,"1,085.021",0.092,0.013,"1,091.078",--,0.086,0.083,0.055,171.348,0.015,0.002,172.304,--,0.865,0.840,0.558,"1,725.932",0.146,0.021,"1,735.568",--,1.216,211.451,0.320,0.860,1.151,238.726,0.317,0.830,0.976,125.730,0.005,0.559,"2,360.212","40,710.971",996.107,"1,732.334",0.2559,1.6012,0.0184,0.1449,0.0372,0.3179,0.0018,0.0207,"2,377.234","40,840.043",997.110,"1,741.879",--,--,0.107,0.848,0.038,0.085,0.102,0.851,0.038,0.083,0.085,0.504,0.001,0.056,206.800,163.324,118.850,172.134,0.0224,0.0064,0.0022,0.0144,0.0033,0.0013,0.0002,0.0021,208.292,163.842,118.969,173.082,--,--,0.917,0.882,0.470,"1,620.707",0.125,0.018,"1,628.885",--,"18,730,017","47,733","17,218,650",0,"1,613,691","133,508","16,091,081","3,612,197",0,0,"24,611","35,996,400","21,450,477","24,611","19,836,786","36,129,908","21,316,969","24,611",32.6%,0.1%,30.0%,0.0%,2.8%,0.2%,28.0%,6.3%,0.0%,0.0%,0.0%,62.6%,37.3%,0.0%,34.5%,62.9%,37.1%,0.0%,"9,418,518","11,754","12,033,737",0,0,"65,475",0,0,0,0,"1,793",43.7%,0.1%,55.9%,0.0%,0.0%,0.3%,0.0%,0.0%,0.0%,0.0%,0.0%
2023,CT,09,"10,965","189,301,265","83,735,375","339,554,482","140,314,470","40,652,075","16,943,777","5,951,338","3,891","1,622","1,459","10,940,808","1,607,114","199,607","10,989,755",--,0.191,0.191,0.072,538.266,0.040,0.005,540.674,--,0.041,0.039,0.015,115.591,0.008,0.001,116.109,--,0.298,0.298,0.112,838.754,0.062,0.008,842.507,--,0.000,5.739,0.151,0.166,0.000,4.476,0.143,0.158,0.000,2.836,0.010,0.018,0.000,"2,404.455",805.695,810.030,0.0000,0.0847,0.0155,0.0157,0.0000,0.0161,0.0016,0.0016,0.000,"2,411.086",806.542,810.893,--,--,0.000,0.337,0.022,0.024,0.000,0.263,0.021,0.023,0.000,0.166,0.001,0.003,0.000,141.102,117.921,118.077,0.0000,0.0050,0.0023,0.0023,0.0000,0.0009,0.0002,0.0002,0.000,141.491,118.045,118.203,--,--,0.356,0.308,0.087,848.342,0.036,0.004,850.514,--,0,"124,204","24,943,869","13,669,458","469,834","590,677","8,890","415,808",0,"429,484", (149),"39,167,015","1,485,209", (149),"1,015,375","26,088,234","14,563,990", (149),0.0%,0.3%,61.4%,33.6%,1.2%,1.5%,0.0%,1.0%,0.0%,1.1%,0.0%,96.3%,3.7%,0.0%,2.5%,64.2%,35.8%,0.0%,0,"67,968","5,771,073",0,0,"112,298",0,0,0,0,0,0.0%,1.1%,97.0%,0.0%,0.0%,1.9%,0.0%,0.0%,0.0%,0.0%,0.0%
2023,DC,11,57,"1,490,127","634,998","1,574,045","680,221","171,869","84,967","68,764",244,102,2,"33,867","2,878",288,"33,945",--,2.835,2.395,0.027,394.099,0.017,0.002,395.011,--,0.327,0.320,0.003,45.455,0.002,0.000,45.560,--,3.309,2.794,0.032,459.910,0.020,0.002,460.976,--,0.000,0.000,2.658,2.658,0.000,0.000,2.160,2.160,0.000,0.000,0.021,0.021,0.000,0.000,758.145,758.145,0.0000,0.0000,0.0208,0.0208,0.0000,0.0000,0.0021,0.0021,0.000,0.000,759.278,759.278,--,--,0.000,0.000,0.226,0.226,0.000,0.000,0.227,0.227,0.000,0.000,0.002,0.002,0.000,0.000,64.362,64.362,0.0000,0.0000,0.0018,0.0018,0.0000,0.0000,0.0002,0.0002,0.000,0.000,64.458,64.458,--,--,3.112,2.402,0.028,191.681,0.018,0.002,192.684,--,0,54,"89,210",0,0,"58,012",0,"24,594",0,0,0,"89,263","82,606",0,"82,606","147,276","24,594",0,0.0%,0.0%,51.9%,0.0%,0.0%,33.8%,0.0%,14.3%,0.0%,0.0%,0.0%,51.9%,48.1%,0.0%,48.1%,85.7%,14.3%,0.0%,0,0,"36,886",0,0,"31,878",0,0,0,0,0,0.0%,0.0%,53.6%,0.0%,0.0%,46.4%,0.0%,0.0%,0.0%,0.0%,0.0%
2023,DE,10,"3,441","28,665,228","16,773,726","30,628,609","17,060,760","4,772,059","2,462,275","3,789,150",540,336,175,"1,677,843","83,057","8,805","1,680,172",--,0.226,0.273,0.074,703.194,0.017,0.002,704.171,--,0.038,0.040,0.012,117.065,0.003,0.000,117.227,--,0.234,0.282,0.076,727.497,0.018,0.002,728.507,--,-5.189,0.912,0.258,0.316,13.181,0.774,0.291,0.361,-27.817,0.252,0.004,0.098,"-6,793.962","1,660.432",913.706,984.537,-0.9266,0.0320,0.0169,0.0205,-0.1372,0.0036,0.0017,0.0022,"-6,856.253","1,662.276",914.626,985.696,--,--,0.147,0.066,0.034,0.039,0.157,0.061,0.035,0.041,0.790,0.018,0.000,0.012,192.848,119.999,118.905,119.920,0.0263,0.0023,0.0022,0.0025,0.0039,0.0003,0.0002,0.0003,194.617,120.133,119.025,120.061,--,--,0.265,0.295,0.020,836.199,0.018,0.002,837.165,--," (6,498)"," (1,891)","4,382,640",0,0,"66,300","4,165","155,249",0,"172,094",0,"4,546,345","225,714",0,"225,714","4,612,645","159,414",0,0.0%,0.0%,91.8%,0.0%,0.0%,1.4%,0.1%,3.3%,0.0%,3.6%,0.0%,95.3%,4.7%,0.0%,4.7%,96.7%,3.3%,0.0%,0,"222,513","2,791,206",0,0,"26,151",0,0,0,0,"749,280",0.0%,5.9%,73.7%,0.0%,0.0%,0.7%,0.0%,0.0%,0.0%,0.0%,19.8%
2023,FL,12,"76,101","1,625,654,877","792,428,051","1,993,651,823","957,075,049","258,099,012","124,864,524","110,268,881","32,830","15,914","16,293","101,516,104","10,375,739","1,326,915","101,837,180",--,0.254,0.255,0.126,786.645,0.040,0.005,789.133,--,0.040,0.040,0.020,124.893,0.006,0.001,125.288,--,0.308,0.309,0.153,953.262,0.049,0.006,956.277,--,0.193,10.320,0.234,0.232,0.153,10.375,0.236,0.230,0.616,5.747,0.065,0.107,"1,418.984","2,013.935",911.409,949.637,0.1244,0.1147,0.0225,0.0302,0.0177,0.0229,0.0026,0.0037,"1,427.161","2,023.227",912.730,951.475,--,--,0.023,0.836,0.032,0.031,0.018,0.817,0.032,0.031,0.072,0.466,0.009,0.014,166.128,163.242,122.968,126.670,0.0146,0.0093,0.0030,0.0040,0.0021,0.0019,0.0004,0.0005,167.085,163.995,123.146,126.915,--,--,0.324,0.320,0.149,989.124,0.043,0.005,991.778,--,"11,373,251","1,199,821","195,830,252","29,940,194","224,192","3,123,770",0,"14,041,308",0,"1,459,665","906,561","239,803,182","17,389,269","906,561","17,165,077","212,986,758","44,205,694","906,561",4.4%,0.5%,75.9%,11.6%,0.1%,1.2%,0.0%,5.4%,0.0%,0.6%,0.4%,92.9%,6.7%,0.4%,6.7%,82.5%,17.1%,0.4%,"8,902,309","7,460","98,800,427",0,0,"1,826,704",0,0,0,0,"731,982",8.1%,0.0%,89.6%,0.0%,0.0%,1.7%,0.0%,0.0%,0.0%,0.0%,0.7%
2023,GA,13,"40,610","676,426,975","347,800,720","1,102,703,811","528,872,753","129,220,273","60,796,309","26,823,133","18,438","6,754","12,892","46,120,743","7,079,196","1,014,011","46,354,208",--,0.285,0.222,0.200,713.831,0.055,0.008,717.445,--,0.055,0.039,0.038,136.366,0.010,0.001,137.056,--,0.449,0.350,0.314,"1,123.648",0.086,0.012,"1,129.336",--,1.363,0.753,0.120,0.395,0.696,0.706,0.145,0.282,0.938,1.586,0.005,0.217,"2,336.733",543.932,878.197,"1,194.446",0.2517,0.0993,0.0162,0.0680,0.0366,0.0201,0.0016,0.0094,"2,353.483",552.045,879.078,"1,198.830",--,--,0.121,0.129,0.016,0.048,0.061,0.130,0.019,0.033,0.083,0.272,0.001,0.026,207.122,93.294,118.881,145.172,0.0223,0.0170,0.0022,0.0083,0.0032,0.0035,0.0002,0.0011,208.607,94.686,119.000,145.705,--,--,0.924,0.582,0.580,"1,657.639",0.152,0.022,"1,667.755",--,"16,769,057","235,787","60,043,963","37,376,836","2,208,186","4,951,406",0,"7,548,596",0,"90,858"," (4,414)","114,516,500","14,708,188"," (4,414)","12,500,002","82,091,070","47,133,618"," (4,414)",13.0%,0.2%,46.5%,28.9%,1.7%,3.8%,0.0%,5.8%,0.0%,0.1%,0.0%,88.6%,11.4%,0.0%,9.7%,63.5%,36.5%,0.0%,"13,591,971","219,024","11,231,765",0,0,"1,780,373",0,0,0,0,0,50.7%,0.8%,41.9%,0.0%,0.0%,6.6%,0.0%,0.0%,0.0%,0.0%,0.0%
2023,HI,15,"3,451","81,226,060","33,439,237","86,472,517","35,995,475","9,158,618","3,881,808","4,761,521","22,672","9,120","19,872","6,342,943","1,256,165","197,286","6,386,670",--,4.951,4.699,4.339,"1,385.131",0.137,0.022,"1,394.680",--,0.558,0.545,0.489,156.180,0.015,0.002,157.257,--,5.947,5.644,5.212,"1,663.733",0.165,0.026,"1,675.202",--,0.000,6.014,0.000,6.014,0.000,5.930,0.000,5.930,0.000,5.350,0.000,5.350,0.000,"1,650.194",0.000,"1,650.194",0.0000,0.1030,0.0000,0.1030,0.0000,0.0180,0.0000,0.0180,0.000,"1,657.843",0.000,"1,657.843",--,--,0.000,0.590,0.000,0.590,0.000,0.580,0.000,0.580,0.000,0.525,0.000,0.525,0.000,161.906,0.000,161.906,0.0000,0.0101,0.0000,0.0101,0.0000,0.0018,0.0000,0.0018,0.000,162.656,0.000,162.656,--,--,6.458,6.263,5.348,"1,710.650",0.162,0.026,"1,721.987",--,0,"7,159,456",0,0,"93,299","287,722","598,675","652,840","192,588","177,775"," (3,738)","7,337,231","1,825,124"," (3,738)","1,731,825","7,624,954","1,537,402"," (3,738)",0.0%,78.2%,0.0%,0.0%,1.0%,3.1%,6.5%,7.1%,2.1%,1.9%,0.0%,80.1%,19.9%,0.0%,18.9%,83.3%,16.8%,0.0%,0,"4,479,777",0,0,0,"281,744",0,0,0,0,0,0.0%,94.1%,0.0%,0.0%,0.0%,5.9%,0.0%,0.0%,0.0%,0.0%,0.0%
2023,IA,19,"24,261","246,426,779","139,755,891","392,810,819","182,939,450","69,819,809","27,998,919","16,046,860","13,468","7,961","18,148","21,999,771","4,195,852","602,418","22,138,333",--,0.386,0.569,0.520,630.187,0.060,0.009,634.156,--,0.109,0.114,0.147,178.550,0.017,0.002,179.675,--,1.001,1.475,1.348,"1,634.604",0.156,0.022,"1,644.900",--,1.402,28.409,0.272,1.000,1.452,22.894,0.255,1.037,2.132,4.283,0.013,1.352,"2,078.893","2,272.287",890.851,"1,641.065",0.2366,0.0915,0.0195,0.1565,0.0344,0.0182,0.0021,0.0225,"2,094.634","2,279.676",891.942,"1,651.401",--,--,0.141,2.035,0.035,0.109,0.147,1.638,0.033,0.114,0.214,0.307,0.002,0.148,208.868,162.777,114.820,179.423,0.0238,0.0066,0.0025,0.0171,0.0035,0.0013,0.0003,0.0025,210.449,163.307,114.960,180.553,--,--,1.165,1.202,1.509,"1,683.397",0.167,0.024,"1,694.430",--,"16,409,804","63,158","10,235,260",0,"948,077","209,328","41,435,890","518,340",0,0, (48),"26,708,222","43,111,635", (48),"42,163,558","26,917,550","42,902,307", (48),23.5%,0.1%,14.7%,0.0%,1.4%,0.3%,59.3%,0.7%,0.0%,0.0%,0.0%,38.3%,61.7%,0.0%,60.4%,38.6%,61.4%,0.0%,"11,017,570","15,020","5,002,448",0,0,"11,821",0,0,0,0,0,68.7%,0.1%,31.2%,0.0%,0.0%,0.1%,0.0%,0.0%,0.0%,0.0%,0.0%
2023,ID,16,"5,509","49,765,574","20,448,580","89,739,980","42,168,875","17,842,446","8,848,757","2,575,605","1,179",474,436,"2,794,952","159,816","22,676","2,800,194",--,0.132,0.107,0.049,313.292,0.009,0.001,313.880,--,0.047,0.046,0.018,112.325,0.003,0.000,112.535,--,0.385,0.312,0.142,911.889,0.026,0.004,913.599,--,0.000,44.163,0.225,0.226,0.000,46.615,0.222,0.222,0.000,4.041,0.005,0.005,0.000,"2,273.224",981.763,981.775,0.0000,0.0921,0.0187,0.0187,0.0000,0.0184,0.0019,0.0019,0.000,"2,280.694",982.783,982.794,--,--,0.000,3.173,0.027,0.027,0.000,3.173,0.027,0.027,0.000,0.290,0.001,0.001,0.000,163.326,118.828,118.829,0.0000,0.0066,0.0023,0.0023,0.0000,0.0013,0.0002,0.0002,0.000,163.862,118.952,118.952,--,--,0.419,0.401,0.228,940.554,0.033,0.005,942.842,--,0,123,"5,686,224",0,"8,377,742","443,681","2,319,741","853,929","88,590",0,"72,415","5,686,348","12,083,683","72,415","3,705,941","6,130,029","11,640,002","72,415",0.0%,0.0%,31.9%,0.0%,47.0%,2.5%,13.0%,4.8%,0.5%,0.0%,0.4%,31.9%,67.7%,0.4%,20.8%,34.4%,65.2%,0.4%,0,49,"2,229,132",0,0,"312,619",0,0,0,0,"33,805",0.0%,0.0%,86.5%,0.0%,0.0%,12.1%,0.0%,0.0%,0.0%,0.0%,1.3%
2023,IL,17,"51,851","505,773,730","247,153,752","1,606,617,991","700,739,313","177,690,287","74,947,584","25,856,330","14,984","6,666","23,975","41,908,695","7,376,287","1,051,747","42,151,320",--,0.169,0.178,0.270,471.705,0.042,0.006,474.436,--,0.059,0.054,0.095,165.721,0.015,0.002,166.681,--,0.534,0.564,0.855,"1,494.521",0.132,0.019,"1,503.174",--,0.747,196.417,0.321,0.532,0.676,155.254,0.344,0.494,1.745,23.572,0.007,0.855,"2,148.570","15,556.984",879.563,"1,498.718",0.2531,0.5171,0.0164,0.1319,0.0368,0.1034,0.0017,0.0188,"2,165.413","15,598.867",880.461,"1,507.393",--,--,0.072,2.016,0.042,0.059,0.063,1.752,0.043,0.054,0.167,0.242,0.001,0.095,206.140,159.673,115.854,167.003,0.0243,0.0053,0.0022,0.0147,0.0035,0.0011,0.0002,0.0021,207.756,160.102,115.972,167.969,--,--,0.570,0.537,0.635,"1,404.328",0.111,0.016,"1,411.573",--,"27,149,579","26,288","28,416,900","97,559,460","92,063","242,251","21,807,967","1,891,577",0,"248,088","256,114","153,400,315","24,033,858","256,114","23,941,795","56,083,106","121,351,067","256,114",15.3%,0.0%,16.0%,54.9%,0.1%,0.1%,12.3%,1.1%,0.0%,0.1%,0.1%,86.3%,13.5%,0.1%,13.5%,31.6%,68.3%,0.1%,"9,303,326","3,650","16,332,427",0,0,"118,957",0,0,0,"97,970",0,36.0%,0.0%,63.2%,0.0%,0.0%,0.5%,0.0%,0.0%,0.0%,0.4%,0.0%
2023,IN,18,"30,221","718,341,510","322,884,929","785,235,428","347,986,187","90,031,871","38,507,650","39,898,351","37,124","11,994","24,609","65,596,778","11,351,096","1,624,434","65,970,931",--,0.825,0.623,0.547,"1,457.190",0.126,0.018,"1,465.502",--,0.103,0.074,0.069,182.634,0.016,0.002,183.676,--,0.947,0.715,0.628,"1,673.320",0.145,0.021,"1,682.864",--,1.458,35.073,0.290,0.950,0.997,35.135,0.257,0.676,1.154,3.219,0.006,0.655,"2,281.209","1,812.796",903.609,"1,682.347",0.2535,0.0787,0.0179,0.1511,0.0368,0.0157,0.0018,0.0216,"2,298.070","1,819.167",904.585,"1,692.303",--,--,0.140,3.160,0.037,0.102,0.095,3.163,0.032,0.072,0.111,0.290,0.001,0.070,218.909,163.326,115.371,180.985,0.0243,0.0071,0.0023,0.0163,0.0035,0.0014,0.0002,0.0023,220.527,163.900,115.496,182.056,--,--,1.205,0.864,0.945,"2,021.389",0.203,0.029,"2,034.814",--,"40,931,630","96,718","34,849,282",0,"463,654","254,012","8,844,478","1,839,013",0,"2,271,502","481,581","78,149,133","11,401,157","481,581","10,937,503","78,403,145","11,147,145","481,581",45.5%,0.1%,38.7%,0.0%,0.5%,0.3%,9.8%,2.0%,0.0%,2.5%,0.5%,86.8%,12.7%,0.5%,12.1%,87.1%,12.4%,0.5%,"30,300,237",151,"8,786,279",0,0,"84,769",0,0,0,"407,647","319,268",75.9%,0.0%,22.0%,0.0%,0.0%,0.2%,0.0%,0.0%,0.0%,1.0%,0.8%
2023,KS,20,"20,570","224,582,487","118,156,313","425,489,989","194,562,754","58,456,598","24,152,659","14,516,988","14,485","7,551","3,296","21,282,869","4,517,928","653,054","21,432,650",--,0.496,0.625,0.113,728.160,0.077,0.011,733.284,--,0.129,0.128,0.029,189.533,0.020,0.003,190.867,--,1.394,1.759,0.317,"2,047.979",0.217,0.031,"2,062.392",--,1.089,48.266,2.516,1.398,1.078,63.379,2.474,1.400,0.386,2.397,0.036,0.317,"2,272.768","1,480.761","1,187.812","2,054.463",0.2673,0.1277,0.0223,0.2181,0.0389,0.0247,0.0023,0.0315,"2,290.556","1,490.885","1,189.039","2,068.922",--,--,0.100,1.792,0.239,0.129,0.099,1.644,0.224,0.128,0.036,0.089,0.003,0.029,209.134,54.986,113.037,190.177,0.0246,0.0047,0.0021,0.0202,0.0036,0.0009,0.0002,0.0029,210.771,55.362,113.154,191.515,--,--,1.524,1.520,0.285,"2,036.756",0.210,0.030,"2,050.660",--,"16,290,684","59,081","4,368,902","10,301,865","13,441","65,596","27,272,586","81,325",0,0,"3,118","31,020,532","27,432,948","3,118","27,419,507","20,784,263","37,669,217","3,118",27.9%,0.1%,7.5%,17.6%,0.0%,0.1%,46.7%,0.1%,0.0%,0.0%,0.0%,53.1%,46.9%,0.0%,46.9%,35.6%,64.4%,0.0%,"11,066,153","11,875","3,430,504",0,0,"5,337",0,0,0,0,"3,118",76.2%,0.1%,23.6%,0.0%,0.0%,0.0%,0.0%,0.0%,0.0%,0.0%,0.0%
2023,KY,21,"21,645","577,480,223","263,951,214","591,501,840","270,169,259","62,417,959","28,724,916","32,755,673","29,920","11,846","34,821","54,147,852","11,283,896","1,633,071","54,522,208",--,0.959,0.825,1.116,"1,735.009",0.181,0.026,"1,747.004",--,0.104,0.090,0.121,187.531,0.020,0.003,188.828,--,1.026,0.883,1.194,"1,857.288",0.194,0.028,"1,870.128",--,1.259,30.796,0.332,1.028,1.093,30.865,0.272,0.881,1.581,2.877,0.008,1.189,"2,196.068","1,619.120",889.926,"1,870.359",0.2529,0.0656,0.0168,0.1940,0.0368,0.0131,0.0017,0.0280,"2,212.893","1,624.429",890.839,"1,883.216",--,--,0.118,3.107,0.044,0.104,0.103,3.106,0.036,0.090,0.148,0.290,0.001,0.120,205.125,163.326,117.720,188.518,0.0236,0.0066,0.0022,0.0196,0.0034,0.0013,0.0002,0.0028,206.697,163.862,117.840,189.813,--,--,1.049,0.913,1.286,"1,926.454",0.201,0.029,"1,939.765",--,"42,805,601","61,135","14,932,901",0,"3,954,668","417,759",0,"154,770",0,"91,123",0,"57,890,761","4,527,197",0,"572,529","58,308,521","4,109,438",0,68.6%,0.1%,23.9%,0.0%,6.3%,0.7%,0.0%,0.2%,0.0%,0.1%,0.0%,92.7%,7.3%,0.0%,0.9%,93.4%,6.6%,0.0%,"25,327,904",337,"7,194,338",0,0,"226,956",0,0,0,"6,138",0,77.3%,0.0%,22.0%,0.0%,0.0%,0.7%,0.0%,0.0%,0.0%,0.0%,0.0%
2023,LA,22,"28,658","602,670,647","295,513,448","737,077,235","367,902,290","97,434,806","46,998,878","38,261,451","32,219","15,669","9,346","37,093,621","2,541,731","343,251","37,174,686",--,0.661,0.667,0.192,761.404,0.026,0.004,763.068,--,0.107,0.106,0.031,123.097,0.004,0.001,123.367,--,0.770,0.776,0.223,885.913,0.030,0.004,887.849,--,1.609,0.115,0.726,0.785,1.345,0.000,0.763,0.803,2.131,0.000,0.017,0.190,"2,080.384",0.000,832.390,916.522,0.1605,0.0000,0.0158,0.0274,0.0234,0.0000,0.0017,0.0034,"2,091.086",0.000,833.275,918.195,--,--,0.139,0.078,0.103,0.107,0.115,0.000,0.105,0.106,0.184,0.000,0.002,0.026,179.240,0.000,117.896,125.377,0.0138,0.0000,0.0022,0.0037,0.0020,0.0000,0.0002,0.0005,180.162,0.000,118.021,125.606,--,--,1.070,1.060,0.377,"1,015.474",0.040,0.005,"1,018.054",--,"4,833,627","1,032,443","74,064,693","12,211,457","707,533","1,987,950",0,"291,744",0,"1,822,327","483,033","93,964,546","2,987,227","483,033","2,279,694","83,741,039","13,210,734","483,033",5.0%,1.1%,76.0%,12.5%,0.7%,2.0%,0.0%,0.3%,0.0%,1.9%,0.5%,96.4%,3.1%,0.5%,2.3%,85.9%,13.6%,0.5%,"5,920,307","1,740,153","29,616,382",0,0,"612,829",0,0,0,0,"371,780",15.5%,4.5%,77.4%,0.0%,0.0%,1.6%,0.0%,0.0%,0.0%,0.0%,1.0%
2023,MA,25,"14,490","139,819,931","63,386,162","151,559,817","68,540,289","19,663,313","8,912,317","9,296,297","5,835","2,515","2,736","8,085,461","2,444,978","313,797","8,161,269",--,0.593,0.564,0.278,822.390,0.124,0.016,830.101,--,0.083,0.079,0.039,115.655,0.017,0.002,116.740,--,0.698,0.664,0.327,967.152,0.146,0.019,976.220,--,0.000,27.336,0.210,0.226,0.000,33.408,0.216,0.224,0.000,1.721,0.015,0.016,0.000,"3,247.955",860.009,861.477,0.0000,0.1060,0.0167,0.0168,0.0000,0.0212,0.0017,0.0017,0.000,"3,256.538",860.932,862.405,--,--,0.000,1.213,0.029,0.031,0.000,0.936,0.030,0.031,0.000,0.076,0.002,0.002,0.000,144.141,119.102,119.150,0.0000,0.0047,0.0023,0.0023,0.0000,0.0009,0.0002,0.0002,0.000,144.522,119.230,119.279,--,--,0.429,0.397,0.134,933.657,0.068,0.008,937.805,--,0,"97,476","14,774,026",0,"785,726","913,940","175,153","1,988,931",0,"934,700"," (6,637)","15,806,201","3,863,749"," (6,637)","3,078,023","16,720,141","2,949,809"," (6,637)",0.0%,0.5%,75.1%,0.0%,4.0%,4.6%,0.9%,10.1%,0.0%,4.8%,0.0%,80.4%,19.6%,0.0%,15.7%,85.0%,15.0%,0.0%,0,"9,755","8,866,315",0,0,"420,226",0,0,0,0,0,0.0%,0.1%,95.4%,0.0%,0.0%,4.5%,0.0%,0.0%,0.0%,0.0%,0.0%
2023,MD,24,"13,153","146,699,411","70,790,624","314,450,666","141,779,682","35,987,133","15,648,691","9,608,495","3,132","1,771","2,082","9,357,054","1,257,337","163,904","9,396,375",--,0.174,0.226,0.116,520.022,0.035,0.005,522.207,--,0.043,0.050,0.028,127.568,0.009,0.001,128.104,--,0.353,0.459,0.235,"1,055.052",0.071,0.009,"1,059.486",--,0.936,4.987,0.190,0.284,0.903,3.437,0.246,0.373,1.135,12.429,0.007,0.172,"2,266.143","3,809.667",898.037,"1,045.885",0.2678,0.2319,0.0170,0.0428,0.0390,0.0370,0.0017,0.0055,"2,283.974","3,825.971",898.966,"1,048.554",--,--,0.085,0.231,0.025,0.035,0.079,0.191,0.031,0.043,0.103,0.576,0.001,0.021,205.175,176.546,116.512,129.169,0.0242,0.0107,0.0022,0.0053,0.0035,0.0017,0.0002,0.0007,206.789,177.301,116.632,129.499,--,--,0.514,0.606,0.348,"1,215.978",0.089,0.012,"1,221.619",--,"1,708,970","64,236","15,329,718","14,983,751","1,849,088","321,796","481,526","935,737",0,"312,894", (583),"32,399,569","3,588,147", (583),"1,739,059","17,737,614","18,250,102", (583),4.7%,0.2%,42.6%,41.6%,5.1%,0.9%,1.3%,2.6%,0.0%,0.9%,0.0%,90.0%,10.0%,0.0%,4.8%,49.3%,50.7%,0.0%,"1,552,918","75,353","7,669,131",0,0,"311,093",0,0,0,0,0,16.2%,0.8%,79.8%,0.0%,0.0%,3.2%,0.0%,0.0%,0.0%,0.0%,0.0%
2023,ME,23,"5,569","44,334,746","21,340,556","67,515,489","30,668,215","12,512,181","5,543,195","3,589,387","1,958",779,"1,179","1,950,796","953,861","135,818","1,982,146",--,0.313,0.281,0.188,311.824,0.076,0.011,316.835,--,0.088,0.073,0.053,88.003,0.022,0.003,89.417,--,0.684,0.614,0.412,681.797,0.167,0.024,692.754,--,0.000,2.525,0.121,0.146,0.000,2.475,0.110,0.120,0.000,7.004,0.005,0.077,0.000,"2,275.680",832.262,847.144,0.0000,0.0890,0.0159,0.0166,0.0000,0.0178,0.0016,0.0018,0.000,"2,282.888",833.128,848.076,--,--,0.000,0.189,0.017,0.021,0.000,0.170,0.016,0.017,0.000,0.524,0.001,0.011,0.000,170.286,118.872,119.874,0.0000,0.0067,0.0023,0.0024,0.0000,0.0013,0.0002,0.0002,0.000,170.825,118.995,120.006,--,--,0.502,0.386,0.322,739.430,0.119,0.017,747.218,--,"43,205","67,116","3,975,075",0,"3,831,635","1,458,112","2,338,710","522,710",0,"179,006","96,612","4,264,402","8,151,167","96,612","4,319,532","5,722,514","6,693,055","96,612",0.3%,0.5%,31.8%,0.0%,30.6%,11.7%,18.7%,4.2%,0.0%,1.4%,0.8%,34.1%,65.1%,0.8%,34.5%,45.7%,53.5%,0.8%,0,"39,897","2,710,134",0,0,"604,236",0,0,0,"235,120",0,0.0%,1.1%,75.5%,0.0%,0.0%,16.8%,0.0%,0.0%,0.0%,6.6%,0.0%
2023,MI,26,"33,247","692,305,004","309,729,676","1,022,270,604","442,436,204","120,648,501","51,158,143","32,556,060","34,100","14,468","26,505","47,847,447","7,899,955","1,105,122","48,104,475",--,0.565,0.566,0.439,793.171,0.065,0.009,797.432,--,0.099,0.093,0.077,138.226,0.011,0.002,138.969,--,0.827,0.827,0.642,"1,159.781",0.096,0.013,"1,166.011",--,1.106,6.227,0.643,0.800,1.038,5.214,0.641,0.768,1.934,1.334,0.047,0.636,"2,152.766","1,497.587",742.225,"1,181.814",0.2363,0.0401,0.0166,0.0849,0.0345,0.0078,0.0018,0.0119,"2,168.525","1,500.780",743.156,"1,187.353",--,--,0.106,0.924,0.088,0.097,0.099,0.778,0.085,0.092,0.185,0.198,0.006,0.077,206.204,222.136,101.740,142.903,0.0226,0.0060,0.0023,0.0103,0.0033,0.0012,0.0002,0.0014,207.713,222.609,101.868,143.573,--,--,1.236,1.168,0.979,"1,460.099",0.139,0.020,"1,469.210",--,"23,554,515","1,350,492","54,068,082","27,996,108","580,196","2,022,917","8,292,415","1,268,692",0,"1,515,186", (101),"108,484,382","12,164,220", (101),"11,584,024","82,511,191","38,137,411", (101),19.5%,1.1%,44.8%,23.2%,0.5%,1.7%,6.9%,1.1%,0.0%,1.3%,0.0%,89.9%,10.1%,0.0%,9.6%,68.4%,31.6%,0.0%,"15,825,622","113,431","15,943,497",0,0,"673,510",0,0,0,0,0,48.6%,0.3%,49.0%,0.0%,0.0%,2.1%,0.0%,0.0%,0.0%,0.0%,0.0%
2023,MN,27,"20,346","262,470,921","122,373,981","446,494,478","202,915,040","57,260,119","24,902,917","17,864,504","14,206","6,481","5,342","21,402,253","4,160,319","594,218","21,539,231",--,0.496,0.520,0.187,747.545,0.073,0.010,752.329,--,0.108,0.106,0.041,163.083,0.016,0.002,164.127,--,1.012,1.062,0.381,"1,525.363",0.148,0.021,"1,535.125",--,1.181,25.190,0.591,0.881,1.186,23.465,0.622,0.872,0.575,1.871,0.008,0.282,"2,239.463","1,021.767",945.215,"1,570.972",0.2453,0.0792,0.0182,0.1280,0.0357,0.0155,0.0019,0.0182,"2,255.788","1,028.083",946.221,"1,579.385",--,--,0.111,2.098,0.073,0.094,0.112,2.112,0.074,0.093,0.054,0.156,0.001,0.030,209.689,85.106,117.274,168.424,0.0230,0.0066,0.0023,0.0137,0.0033,0.0013,0.0002,0.0020,211.217,85.632,117.398,169.326,--,--,1.099,1.090,0.381,"1,522.568",0.135,0.019,"1,531.409",--,"12,793,785","54,264","13,823,606","11,923,652","750,356","1,135,273","14,398,249","2,077,613",0,"254,927","48,394","38,850,234","18,361,491","48,394","17,611,135","28,061,855","29,149,870","48,394",22.3%,0.1%,24.1%,20.8%,1.3%,2.0%,25.1%,3.6%,0.0%,0.4%,0.1%,67.8%,32.1%,0.1%,30.8%,49.0%,50.9%,0.1%,"7,933,160","5,957","9,275,521",0,0,"649,867",0,0,0,0,0,44.4%,0.0%,51.9%,0.0%,0.0%,3.6%,0.0%,0.0%,0.0%,0.0%,0.0%
2023,MO,29,"23,134","497,548,141","244,277,061","619,883,014","294,796,726","66,705,179","30,714,536","23,776,335","35,313","11,183","72,693","48,165,699","10,512,104","1,521,202","48,514,427",--,1.059,0.728,2.180,"1,444.137",0.158,0.023,"1,454.593",--,0.142,0.092,0.292,193.612,0.021,0.003,195.014,--,1.417,0.975,2.917,"1,932.816",0.211,0.031,"1,946.809",--,1.616,18.578,0.427,1.418,1.001,21.817,0.473,0.915,3.559,3.077,0.010,2.919,"2,157.794",843.500,925.278,"1,934.340",0.2530,0.1086,0.0210,0.2111,0.0368,0.0214,0.0022,0.0305,"2,174.630",852.213,926.450,"1,948.345",--,--,0.156,0.878,0.052,0.142,0.097,0.995,0.055,0.092,0.343,0.145,0.001,0.292,208.245,39.852,113.037,193.818,0.0244,0.0051,0.0026,0.0212,0.0036,0.0010,0.0003,0.0031,209.870,40.264,113.180,195.221,--,--,1.514,0.947,1.834,"1,855.762",0.190,0.027,"1,868.369",--,"40,348,168","131,722","9,260,975","9,179,744","735,974","99,067","6,775,291","174,237",0,0,0,"58,920,610","7,784,569",0,"7,048,595","49,839,933","16,865,246",0,60.5%,0.2%,13.9%,13.8%,1.1%,0.1%,10.2%,0.3%,0.0%,0.0%,0.0%,88.3%,11.7%,0.0%,10.6%,74.7%,25.3%,0.0%,"17,626,402","49,085","6,087,077",0,0,"13,772",0,0,0,0,0,74.1%,0.2%,25.6%,0.0%,0.0%,0.1%,0.0%,0.0%,0.0%,0.0%,0.0%
2023,MS,28,"17,032","474,122,406","225,258,033","599,085,791","279,246,227","72,933,440","34,145,042","24,945,771","13,338","6,858","4,498","30,133,709","2,216,274","299,499","30,204,421",--,0.366,0.402,0.123,826.335,0.030,0.004,828.274,--,0.056,0.061,0.019,127.114,0.005,0.001,127.412,--,0.441,0.484,0.149,995.317,0.037,0.005,997.653,--,1.353,10.253,0.389,0.431,1.443,10.303,0.430,0.469,1.967,0.880,0.011,0.095,"2,711.826",495.622,943.623,"1,020.055",0.2851,0.0201,0.0236,0.0349,0.0415,0.0040,0.0027,0.0044,"2,730.798",497.249,945.000,"1,022.193",--,--,0.109,3.379,0.051,0.055,0.116,3.383,0.056,0.059,0.158,0.290,0.001,0.012,217.501,163.326,122.700,129.171,0.0229,0.0066,0.0031,0.0044,0.0033,0.0013,0.0004,0.0006,219.022,163.862,122.879,129.441,--,--,0.581,0.635,0.129,"1,042.260",0.038,0.005,"1,044.653",--,"4,036,974","7,060","55,167,572","11,749,621",0,"1,339,369",0,"632,843",0,0,0,"70,961,228","1,972,212",0,"1,972,212","60,550,976","12,382,464",0,5.5%,0.0%,75.6%,16.1%,0.0%,1.8%,0.0%,0.9%,0.0%,0.0%,0.0%,97.3%,2.7%,0.0%,2.7%,83.0%,17.0%,0.0%,"994,006",434,"23,447,823",0,0,"503,508",0,0,0,0,0,4.0%,0.0%,94.0%,0.0%,0.0%,2.0%,0.0%,0.0%,0.0%,0.0%,0.0%
2023,MT,30,"6,890","139,653,250","52,165,126","186,783,590","72,470,666","26,895,758","10,851,292","2,158,215","11,735","4,197","10,875","14,203,204","3,133,349","455,971","14,307,487",--,0.873,0.774,0.809,"1,056.167",0.116,0.017,"1,063.921",--,0.168,0.161,0.156,203.407,0.022,0.003,204.900,--,1.794,1.590,1.663,"2,171.304",0.240,0.035,"2,187.246",--,1.689,0.840,3.497,1.795,1.653,0.771,3.219,1.714,1.166,16.806,0.010,1.666,"2,276.232","1,840.286","1,176.248","2,175.868",0.2657,0.0532,0.0238,0.2392,0.0386,0.0106,0.0024,0.0348,"2,293.913","1,844.586","1,177.544","2,191.795",--,--,0.156,0.103,0.353,0.168,0.153,0.094,0.333,0.161,0.107,2.062,0.001,0.156,209.717,225.775,118.622,203.721,0.0245,0.0065,0.0024,0.0224,0.0036,0.0013,0.0002,0.0033,211.346,226.303,118.753,205.213,--,--,2.403,2.152,0.655,"1,822.761",0.163,0.023,"1,833.476",--,"11,553,039","490,847","1,001,700",0,"8,792,339","27,440","4,556,982","240,185",0,"9,623","223,604","13,055,208","13,616,946","223,604","4,824,607","13,082,648","13,589,506","223,604",43.0%,1.8%,3.7%,0.0%,32.7%,0.1%,16.9%,0.9%,0.0%,0.0%,0.8%,48.5%,50.6%,0.8%,17.9%,48.6%,50.5%,0.8%,"1,199,045",0,"821,881",0,0,"6,763",0,0,0,0,"130,526",55.6%,0.0%,38.1%,0.0%,0.0%,0.3%,0.0%,0.0%,0.0%,0.0%,6.0%
2023,NC,37,"39,155","573,109,025","278,068,771","1,071,655,697","498,115,714","126,510,680","58,395,684","41,746,331","24,399","12,362","10,479","39,468,698","4,804,411","676,093","39,625,542",--,0.386,0.423,0.166,623.958,0.038,0.005,626.438,--,0.085,0.089,0.037,137.735,0.008,0.001,138.283,--,0.720,0.791,0.309,"1,165.066",0.071,0.010,"1,169.696",--,1.699,18.681,0.485,0.713,1.602,12.593,0.512,0.760,0.958,3.913,0.109,0.267,"1,928.975","2,793.808","1,026.849","1,194.496",0.1943,0.0995,0.0367,0.0660,0.0280,0.0199,0.0048,0.0091,"1,941.835","2,801.867","1,029.147","1,198.754",--,--,0.160,1.086,0.061,0.084,0.152,0.838,0.064,0.088,0.090,0.227,0.014,0.032,181.499,162.384,129.059,141.303,0.0183,0.0058,0.0046,0.0078,0.0026,0.0012,0.0006,0.0011,182.709,162.853,129.347,141.807,--,--,0.836,0.884,0.380,"1,278.083",0.083,0.012,"1,283.537",--,"14,204,599","84,102","51,784,572","42,335,726","4,219,283","1,680,285","528,896","11,437,802",0,0,"235,415","108,408,999","17,866,266","235,415","13,646,983","67,753,558","58,521,707","235,415",11.2%,0.1%,40.9%,33.5%,3.3%,1.3%,0.4%,9.0%,0.0%,0.0%,0.2%,85.7%,14.1%,0.2%,10.8%,53.6%,46.3%,0.2%,"10,263,731","9,286","30,820,391",0,0,"534,692",0,0,0,0,"118,232",24.6%,0.0%,73.8%,0.0%,0.0%,1.3%,0.0%,0.0%,0.0%,0.0%,0.3%
2023,ND,38,"9,875","256,840,549","108,811,416","313,595,003","128,256,803","42,068,807","16,605,313","7,433,092","27,883","11,735","33,709","27,099,970","6,008,801","871,370","27,299,550",--,1.326,1.413,1.603,"1,288.364",0.143,0.021,"1,297.852",--,0.217,0.216,0.262,211.026,0.023,0.003,212.580,--,2.193,2.338,2.651,"2,130.917",0.236,0.034,"2,146.611",--,2.456,17.969,0.097,2.194,2.470,18.236,0.095,2.153,2.986,9.836,0.004,2.654,"2,306.951","3,217.992",741.588,"2,132.674",0.2632,0.1303,0.0236,0.2365,0.0383,0.0261,0.0024,0.0343,"2,324.468","3,228.547",742.898,"2,148.386",--,--,0.232,0.912,0.016,0.217,0.234,0.894,0.015,0.216,0.282,0.499,0.001,0.263,217.728,163.326,120.215,211.093,0.0248,0.0066,0.0038,0.0234,0.0036,0.0013,0.0004,0.0034,219.381,163.862,120.427,212.649,--,--,1.930,1.885,2.504,"2,036.713",0.216,0.031,"2,051.015",--,"22,525,076","53,110","2,833,421",0,"2,119,102",0,"14,476,709",0,0,"23,421","37,969","25,435,027","16,595,811","37,969","14,476,709","25,435,027","16,595,811","37,969",53.5%,0.1%,6.7%,0.0%,5.0%,0.0%,34.4%,0.0%,0.0%,0.1%,0.1%,60.5%,39.4%,0.1%,34.4%,60.5%,39.4%,0.1%,"5,882,670",966,"1,532,519",0,0,0,0,0,0,0,"16,937",79.1%,0.0%,20.6%,0.0%,0.0%,0.0%,0.0%,0.0%,0.0%,0.0%,0.2%
2023,NE,31,"11,356","199,797,645","98,497,114","316,773,412","143,423,988","39,445,955","16,853,392","9,696,940","18,830","9,451","41,790","20,081,034","4,550,553","660,566","20,232,267",--,0.955,1.122,2.119,"1,018.154",0.115,0.017,"1,025.822",--,0.188,0.192,0.418,201.014,0.023,0.003,202.528,--,1.936,2.274,4.297,"2,064.633",0.234,0.034,"2,080.182",--,1.958,19.763,0.830,1.906,2.032,19.133,0.837,1.948,4.586,3.025,0.022,4.310,"2,135.609",67.994,"1,100.477","2,071.345",0.2483,0.1038,0.0238,0.2347,0.0361,0.0208,0.0025,0.0341,"2,152.131",76.400,"1,101.807","2,086.944",--,--,0.191,1.253,0.079,0.186,0.199,1.225,0.078,0.190,0.448,0.192,0.002,0.420,208.522,4.310,104.280,201.778,0.0242,0.0066,0.0023,0.0229,0.0035,0.0013,0.0002,0.0033,210.135,4.843,104.406,203.298,--,--,2.039,2.067,3.921,"2,039.632",0.225,0.033,"2,054.567",--,"17,916,482","35,117","1,410,846","6,926,053","1,142,896","89,959","11,845,206","79,423",0,0, (27),"26,288,498","13,157,484", (27),"12,014,588","19,452,404","19,993,578", (27),45.4%,0.1%,3.6%,17.6%,2.9%,0.2%,30.0%,0.2%,0.0%,0.0%,0.0%,66.6%,33.4%,0.0%,30.5%,49.3%,50.7%,0.0%,"8,564,124","17,745","1,105,172",0,0,"9,899",0,0,0,0,0,88.3%,0.2%,11.4%,0.0%,0.0%,0.1%,0.0%,0.0%,0.0%,0.0%,0.0%
2023,NH,33,"4,732","46,734,510","22,586,784","153,235,340","67,972,478","16,824,999","7,515,791","2,980,425","1,127",393,449,"2,295,384","907,973","117,894","2,323,716",--,0.134,0.105,0.053,272.854,0.054,0.007,276.222,--,0.048,0.035,0.019,98.231,0.019,0.003,99.443,--,0.427,0.333,0.170,868.827,0.172,0.022,879.551,--,3.516,3.095,0.084,0.253,7.108,2.229,0.075,0.138,1.230,3.722,0.004,0.103,"2,299.791","1,753.924",863.857,929.248,0.2765,0.0533,0.0168,0.0268,0.0403,0.0097,0.0017,0.0032,"2,318.203","1,757.977",864.775,930.851,--,--,0.310,0.243,0.012,0.034,0.587,0.146,0.010,0.019,0.109,0.292,0.001,0.014,202.849,137.735,118.903,124.005,0.0244,0.0042,0.0023,0.0036,0.0036,0.0008,0.0002,0.0004,204.473,138.053,119.029,124.219,--,--,0.380,0.201,0.174,935.261,0.074,0.010,939.871,--,"160,140","67,959","4,225,548","9,534,781","1,591,703","779,132","411,344","3,301",0,"51,090",0,"14,039,519","2,785,480",0,"1,193,777","5,283,870","11,541,129",0,1.0%,0.4%,25.1%,56.7%,9.5%,4.6%,2.4%,0.0%,0.0%,0.3%,0.0%,83.4%,16.6%,0.0%,7.1%,31.4%,68.6%,0.0%,"161,737","64,641","2,605,857",0,0,"148,190",0,0,0,0,0,5.4%,2.2%,87.4%,0.0%,0.0%,5.0%,0.0%,0.0%,0.0%,0.0%,0.0%
2023,NJ,34,"18,289","258,072,545","127,843,153","560,209,740","261,683,743","64,195,046","30,266,600","18,862,951","5,217","2,426","1,890","15,031,581","1,969,466","242,046","15,091,224",--,0.163,0.160,0.059,468.310,0.031,0.004,470.168,--,0.040,0.038,0.015,116.491,0.008,0.001,116.953,--,0.303,0.299,0.110,872.666,0.057,0.007,876.128,--,0.000,16.867,0.191,0.194,0.000,14.375,0.187,0.190,0.000,0.912,0.006,0.006,0.000,"1,277.440",837.834,837.909,0.0000,0.0286,0.0160,0.0160,0.0000,0.0029,0.0016,0.0016,0.000,"1,279.017",838.705,838.780,--,--,0.000,1.308,0.027,0.027,0.000,0.928,0.026,0.026,0.000,0.071,0.001,0.001,0.000,99.038,117.971,117.965,0.0000,0.0022,0.0022,0.0022,0.0000,0.0002,0.0002,0.0002,0.000,99.160,118.094,118.088,--,--,0.254,0.240,0.041,895.495,0.030,0.003,897.241,--,0,"42,266","33,045,872","28,335,474"," (153,600)","656,128","18,438","1,534,829",0,"705,533","10,107","62,129,144","2,055,795","10,107","2,209,395","34,449,798","29,735,141","10,107",0.0%,0.1%,51.5%,44.1%,0.0%,1.0%,0.0%,2.4%,0.0%,1.1%,0.0%,96.8%,3.2%,0.0%,3.4%,53.7%,46.3%,0.0%,0,"5,665","18,410,698",0,0,"251,170",0,0,0,"174,317","21,101",0.0%,0.0%,97.6%,0.0%,0.0%,1.3%,0.0%,0.0%,0.0%,0.9%,0.1%
2023,NM,35,"11,346","198,647,496","98,590,966","258,651,691","121,419,719","39,258,859","17,270,667","10,017,094","7,727","3,716","2,069","15,118,859","2,068,125","288,639","15,186,057",--,0.394,0.430,0.105,770.214,0.053,0.007,773.637,--,0.078,0.075,0.021,152.218,0.010,0.001,152.895,--,0.715,0.781,0.191,"1,398.789",0.096,0.013,"1,405.006",--,0.702,897.583,0.607,0.675,0.706,897.588,0.591,0.669,0.488,512.671,0.005,0.192,"2,112.399","165,939.149","1,015.540","1,399.692",0.2408,6.7197,0.0192,0.0957,0.0350,1.3439,0.0019,0.0134,"2,128.419","166,483.445","1,016.585","1,405.914",--,--,0.068,0.883,0.071,0.073,0.069,0.883,0.068,0.072,0.047,0.505,0.001,0.021,205.200,163.326,118.830,152.339,0.0234,0.0066,0.0022,0.0104,0.0034,0.0013,0.0002,0.0015,206.756,163.861,118.952,153.016,--,--,1.078,1.040,0.217,"1,489.153",0.098,0.014,"1,495.533",--,"7,371,813","1,411","14,230,765",0,"107,792","13,081","14,914,473","2,602,793","35,858",0," (19,127)","21,603,989","17,673,997"," (19,127)","17,566,205","21,617,070","17,660,916"," (19,127)",18.8%,0.0%,36.2%,0.0%,0.3%,0.0%,38.0%,6.6%,0.1%,0.0%,0.0%,55.0%,45.0%,0.0%,44.7%,55.1%,45.0%,0.0%,"3,485,452",858,"6,515,642",0,0,"15,142",0,0,0,0,0,34.8%,0.0%,65.0%,0.0%,0.0%,0.2%,0.0%,0.0%,0.0%,0.0%,0.0%
2023,NV,32,"16,024","209,782,461","91,749,587","262,495,260","116,592,231","42,162,355","19,138,932","16,671,746","10,091","5,034","2,890","13,541,909","1,019,085","129,355","13,573,316",--,0.479,0.526,0.137,642.370,0.024,0.003,643.859,--,0.096,0.110,0.028,129.104,0.005,0.001,129.404,--,0.755,0.830,0.216,"1,013.596",0.038,0.005,"1,015.947",--,1.883,0.000,0.660,0.754,1.825,0.000,0.761,0.844,2.723,0.000,0.005,0.215,"2,457.815",0.000,888.722,"1,009.955",0.2926,0.0000,0.0168,0.0381,0.0426,0.0000,0.0017,0.0048,"2,477.290",0.000,889.635,"1,012.302",--,--,0.161,0.000,0.088,0.097,0.160,0.000,0.104,0.110,0.232,0.000,0.001,0.028,209.691,0.000,118.735,129.279,0.0250,0.0000,0.0022,0.0049,0.0036,0.0000,0.0002,0.0006,211.353,0.000,118.857,129.579,--,--,0.765,0.832,0.335,"1,036.195",0.043,0.006,"1,038.894",--,"2,059,636","7,892","24,599,326",0,"1,318,816","53,667","291,247","9,694,425","4,150,414",0," (13,068)","26,666,855","15,508,569"," (13,068)","14,189,753","26,720,522","15,454,902"," (13,068)",4.9%,0.0%,58.3%,0.0%,3.1%,0.1%,0.7%,23.0%,9.8%,0.0%,0.0%,63.2%,36.8%,0.0%,33.7%,63.4%,36.7%,0.0%,"1,502,634",0,"15,125,970",0,0,"25,721",0,0,0,0,"17,420",9.0%,0.0%,90.7%,0.0%,0.0%,0.2%,0.0%,0.0%,0.0%,0.0%,0.1%
2023,NY,36,"43,558","499,111,591","245,605,094","910,576,124","416,598,190","123,473,720","54,857,034","29,600,506","11,326","5,448","3,166","28,716,017","3,025,520","370,236","28,807,431",--,0.183,0.199,0.051,465.136,0.025,0.003,466.616,--,0.045,0.044,0.013,115.069,0.006,0.001,115.435,--,0.372,0.402,0.104,942.285,0.050,0.006,945.285,--,0.000,2.106,0.256,0.272,0.000,2.243,0.271,0.287,0.000,1.598,0.012,0.026,0.000,"1,121.160",932.164,933.792,0.0000,0.0504,0.0167,0.0170,0.0000,0.0105,0.0017,0.0018,0.000,"1,125.349",933.082,934.739,--,--,0.000,0.208,0.032,0.034,0.000,0.182,0.033,0.035,0.000,0.158,0.002,0.003,0.000,110.694,117.856,117.777,0.0000,0.0050,0.0021,0.0021,0.0000,0.0010,0.0002,0.0002,0.000,111.107,117.972,117.897,--,--,0.468,0.464,0.072,"1,022.882",0.034,0.004,"1,024.911",--,0,"412,022","57,947,315","27,524,923","28,042,332","1,627,022","4,772,445","2,198,836",0,"963,375"," (14,550)","86,847,635","36,640,636"," (14,550)","8,598,304","60,949,734","62,538,536"," (14,550)",0.0%,0.3%,46.9%,22.3%,22.7%,1.3%,3.9%,1.8%,0.0%,0.8%,0.0%,70.3%,29.7%,0.0%,7.0%,49.4%,50.6%,0.0%,0,"419,944","28,600,958",0,0,"579,604",0,0,0,0,0,0.0%,1.4%,96.6%,0.0%,0.0%,2.0%,0.0%,0.0%,0.0%,0.0%,0.0%
2023,OH,39,"33,504","939,107,639","417,823,141","1,124,569,103","503,944,399","133,121,091","59,341,637","33,760,396","22,890","7,508","40,604","70,809,977","9,061,079","1,266,206","71,104,604",--,0.344,0.253,0.610,"1,063.843",0.068,0.010,"1,068.270",--,0.049,0.036,0.086,150.803,0.010,0.001,151.430,--,0.408,0.300,0.724,"1,261.928",0.081,0.011,"1,267.179",--,1.091,0.741,0.110,0.403,0.792,0.792,0.107,0.296,2.364,2.105,0.010,0.725,"2,154.720","1,976.397",872.449,"1,261.228",0.2387,0.0501,0.0164,0.0809,0.0347,0.0087,0.0017,0.0113,"2,170.606","1,980.108",873.353,"1,266.491",--,--,0.103,0.061,0.015,0.048,0.075,0.061,0.014,0.035,0.224,0.172,0.001,0.087,204.130,161.440,118.556,150.741,0.0226,0.0041,0.0022,0.0097,0.0033,0.0007,0.0002,0.0014,205.635,161.744,118.679,151.370,--,--,0.732,0.473,1.066,"1,544.105",0.115,0.016,"1,551.642",--,"31,363,276","1,049,332","78,692,837","16,206,640","489,987","323,962","2,819,321","1,382,272",0,"795,658"," (2,194)","128,107,743","5,015,542"," (2,194)","4,525,555","112,225,065","20,898,220"," (2,194)",23.6%,0.8%,59.1%,12.2%,0.4%,0.2%,2.1%,1.0%,0.0%,0.6%,0.0%,96.2%,3.8%,0.0%,3.4%,84.3%,15.7%,0.0%,"14,143,411","1,406,384","18,014,370",0,0,"52,369",0,0,0,"143,863",0,41.9%,4.2%,53.4%,0.0%,0.0%,0.2%,0.0%,0.0%,0.0%,0.4%,0.0%
2023,OK,40,"33,980","445,703,423","264,205,445","577,319,149","309,234,198","88,878,116","41,757,668","32,130,279","20,863","13,425","9,813","28,761,253","2,306,610","302,086","28,833,572",--,0.469,0.643,0.221,647.207,0.026,0.003,648.834,--,0.094,0.102,0.044,129.060,0.005,0.001,129.385,--,0.829,1.135,0.390,"1,142.299",0.046,0.006,"1,145.171",--,2.009,31.816,0.774,0.829,1.992,31.443,0.868,0.939,2.879,2.837,0.263,0.378,"2,527.054","1,598.132","1,087.461","1,150.225",0.2942,0.0645,0.0341,0.0455,0.0426,0.0129,0.0042,0.0059,"2,546.591","1,603.357","1,089.527","1,153.052",--,--,0.165,3.252,0.089,0.093,0.163,3.232,0.096,0.102,0.237,0.290,0.030,0.043,207.825,163.326,124.705,129.673,0.0242,0.0066,0.0039,0.0051,0.0035,0.0013,0.0005,0.0007,209.432,163.860,124.942,129.992,--,--,1.145,1.254,0.555,"1,281.877",0.059,0.008,"1,285.612",--,"5,061,859","19,727","44,991,795",0,"1,430,441","264,953","37,012,334","78,534",0,"18,472",0,"50,091,853","38,786,262",0,"37,355,821","50,356,807","38,521,309",0,5.7%,0.0%,50.6%,0.0%,1.6%,0.3%,41.6%,0.1%,0.0%,0.0%,0.0%,56.4%,43.6%,0.0%,42.0%,56.7%,43.3%,0.0%,"2,177,590","2,577","29,854,359",0,0,"95,753",0,0,0,0,0,6.8%,0.0%,92.9%,0.0%,0.0%,0.3%,0.0%,0.0%,0.0%,0.0%,0.0%
2023,OR,41,"18,221","198,735,474","75,892,970","326,179,368","132,305,013","61,683,300","25,832,296","6,417,630","19,715","7,497",623,"11,231,359","819,378","99,915","11,256,069",--,0.639,0.580,0.020,364.162,0.013,0.002,364.963,--,0.198,0.198,0.006,113.028,0.004,0.001,113.277,--,1.620,1.471,0.051,923.016,0.034,0.004,925.047,--,0.000,0.000,1.594,1.594,0.000,0.000,1.593,1.593,0.000,0.000,0.006,0.006,0.000,0.000,956.364,956.364,0.0000,0.0000,0.0163,0.0163,0.0000,0.0000,0.0016,0.0016,0.000,0.000,957.254,957.254,--,--,0.000,0.000,0.197,0.197,0.000,0.000,0.197,0.197,0.000,0.000,0.001,0.001,0.000,0.000,118.405,118.405,0.0000,0.0000,0.0020,0.0020,0.0000,0.0000,0.0002,0.0002,0.000,0.000,118.515,118.515,--,--,2.237,2.208,0.097,931.028,0.056,0.007,934.474,--,0,195,"23,384,820",0,"26,329,013","924,351","8,953,566","1,892,085","175,991","26,842"," (3,562)","23,411,856","38,275,006"," (3,562)","11,945,993","24,336,207","37,350,655"," (3,562)",0.0%,0.0%,37.9%,0.0%,42.7%,1.5%,14.5%,3.1%,0.3%,0.0%,0.0%,38.0%,62.1%,0.0%,19.4%,39.5%,60.6%,0.0%,0,0,"5,929,663",0,0,"487,967",0,0,0,0,0,0.0%,0.0%,92.4%,0.0%,0.0%,7.6%,0.0%,0.0%,0.0%,0.0%,0.0%
2023,PA,42,"53,762","1,198,169,953","547,825,003","2,007,052,577","884,586,654","235,912,550","103,420,292","36,116,464","24,158","10,387","26,965","76,172,924","7,934,593","1,029,754","76,420,451",--,0.205,0.201,0.229,645.773,0.034,0.004,647.871,--,0.040,0.038,0.045,127.149,0.007,0.001,127.562,--,0.311,0.305,0.348,981.995,0.051,0.007,985.186,--,1.035,2.083,0.195,0.271,0.831,1.714,0.194,0.257,3.643,0.236,0.014,0.315,"2,386.223","1,620.111",849.869,979.626,0.2830,0.0320,0.0164,0.0385,0.0412,0.0036,0.0017,0.0049,"2,405.054","1,621.954",850.774,982.016,--,--,0.087,0.155,0.027,0.036,0.071,0.128,0.027,0.034,0.305,0.018,0.002,0.041,199.632,120.509,118.130,128.725,0.0237,0.0024,0.0023,0.0051,0.0034,0.0003,0.0002,0.0007,201.208,120.647,118.256,129.039,--,--,0.780,0.715,0.943,"1,338.281",0.096,0.013,"1,344.510",--,"12,834,828","48,121","139,252,157","75,304,581","1,878,545","1,531,762","3,258,324","352,750",0,"1,472,336"," (20,853)","228,912,023","7,021,380"," (20,853)","5,142,835","155,139,204","80,794,200"," (20,853)",5.4%,0.0%,59.0%,31.9%,0.8%,0.6%,1.4%,0.1%,0.0%,0.6%,0.0%,97.0%,3.0%,0.0%,2.2%,65.8%,34.2%,0.0%,"9,267,301","551,644","25,590,671",0,0,"706,847",0,0,0,0,0,25.7%,1.5%,70.9%,0.0%,0.0%,2.0%,0.0%,0.0%,0.0%,0.0%,0.0%
2023,PR,72,"6,533","173,832,391","81,581,703","175,209,085","82,189,118","17,501,153","8,212,501","10,601,384","34,141","16,814","32,332","13,502,782","1,354,218","217,302","13,550,534",--,3.902,4.095,3.695,"1,543.073",0.077,0.012,"1,548.530",--,0.393,0.412,0.372,155.354,0.008,0.001,155.903,--,3.993,4.191,3.782,"1,579.361",0.079,0.013,"1,584.946",--,6.085,4.107,2.973,3.993,6.082,4.388,2.944,4.185,2.262,5.974,1.613,3.782,"2,244.808","1,660.245","1,197.416","1,579.361",0.2644,0.0557,0.0318,0.0792,0.0385,0.0105,0.0047,0.0127,"2,262.401","1,664.598","1,199.553","1,584.946",--,--,0.558,0.404,0.302,0.393,0.558,0.428,0.306,0.412,0.208,0.587,0.164,0.372,205.912,163.186,121.583,155.354,0.0243,0.0055,0.0032,0.0078,0.0035,0.0010,0.0005,0.0013,207.525,163.614,121.800,155.903,--,--,4.370,4.724,4.735,"1,636.738",0.072,0.012,"1,642.029",--,"2,651,850","6,825,113","7,622,081",0,"37,755",0,"105,928","259,803",0,0," (1,376)","17,099,043","403,486"," (1,376)","365,731","17,099,043","403,486"," (1,376)",15.2%,39.0%,43.6%,0.0%,0.2%,0.0%,0.6%,1.5%,0.0%,0.0%,0.0%,97.7%,2.3%,0.0%,2.1%,97.7%,2.3%,0.0%,"912,353","6,460,585","3,228,446",0,0,0,0,0,0,0,0,8.6%,60.9%,30.5%,0.0%,0.0%,0.0%,0.0%,0.0%,0.0%,0.0%,0.0%
2023,RI,44,"2,473","75,893,937","39,042,238","77,940,377","40,004,481","10,416,553","5,295,639","3,365,766","1,939","1,010",65,"4,370,451","165,329","16,671","4,374,975",--,0.372,0.381,0.013,839.136,0.016,0.002,840.004,--,0.051,0.052,0.002,115.173,0.002,0.000,115.292,--,0.395,0.405,0.013,890.373,0.017,0.002,891.295,--,0.000,35.600,0.405,0.405,0.000,32.702,0.411,0.411,0.000,3.273,0.005,0.005,0.000,"1,841.127",912.797,912.802,0.0000,0.0746,0.0173,0.0173,0.0000,0.0149,0.0017,0.0017,0.000,"1,847.164",913.742,913.747,--,--,0.000,3.158,0.053,0.053,0.000,3.159,0.053,0.053,0.000,0.290,0.001,0.001,0.000,163.326,118.916,118.916,0.0000,0.0066,0.0022,0.0022,0.0000,0.0013,0.0002,0.0002,0.000,163.861,119.039,119.040,--,--,0.187,0.187,0.009,942.327,0.018,0.002,943.292,--,0,"30,249","9,545,651",0,"7,533","241,221","168,879","423,369",0,0, (348),"9,575,899","841,002", (348),"833,469","9,817,120","599,781", (348),0.0%,0.3%,91.6%,0.0%,0.1%,2.3%,1.6%,4.1%,0.0%,0.0%,0.0%,91.9%,8.1%,0.0%,8.0%,94.2%,5.8%,0.0%,0,55,"3,331,930",0,0,"33,781",0,0,0,0,0,0.0%,0.0%,99.0%,0.0%,0.0%,1.0%,0.0%,0.0%,0.0%,0.0%,0.0%
2023,SC,45,"26,564","367,856,442","178,560,422","966,137,217","426,186,300","100,853,387","44,443,461","22,408,899","12,004","5,978","8,625","28,096,404","4,866,721","699,553","28,257,228",--,0.238,0.269,0.171,557.173,0.048,0.007,560.363,--,0.065,0.067,0.047,152.757,0.013,0.002,153.632,--,0.590,0.666,0.424,"1,379.846",0.120,0.017,"1,387.744",--,1.114,258.452,0.217,0.563,1.133,299.242,0.228,0.594,0.957,35.030,0.027,0.384,"2,222.592","11,339.652",960.275,"1,444.126",0.2538,0.6670,0.0203,0.1098,0.0369,0.1334,0.0022,0.0155,"2,239.484","11,393.681",961.421,"1,451.306",--,--,0.103,2.606,0.027,0.062,0.104,2.376,0.028,0.064,0.088,0.353,0.003,0.042,205.200,114.318,119.650,158.667,0.0234,0.0067,0.0025,0.0121,0.0034,0.0013,0.0003,0.0017,206.759,114.863,119.793,159.456,--,--,0.742,0.765,0.540,"1,575.467",0.148,0.021,"1,585.256",--,"15,150,421","96,064","23,691,444","55,622,340","1,744,861","1,741,355",0,"2,762,412",0,"44,685", (195),"94,604,954","6,248,628", (195),"4,503,767","40,723,969","60,129,613", (195),15.0%,0.1%,23.5%,55.2%,1.7%,1.7%,0.0%,2.7%,0.0%,0.0%,0.0%,93.8%,6.2%,0.0%,4.5%,40.4%,59.6%,0.0%,"11,141,542","1,365","10,246,498",0,0,"1,019,494",0,0,0,0,0,49.7%,0.0%,45.7%,0.0%,0.0%,4.5%,0.0%,0.0%,0.0%,0.0%,0.0%
2023,SD,46,"7,236","36,320,111","20,570,559","83,022,858","39,023,894","17,405,996","7,429,979","2,867,328","2,174","1,224",660,"2,907,080","413,185","58,176","2,920,573",--,0.250,0.329,0.076,334.032,0.024,0.003,335.582,--,0.120,0.119,0.036,160.081,0.011,0.002,160.824,--,1.169,1.542,0.355,"1,563.701",0.111,0.016,"1,570.959",--,0.842,12.862,1.333,1.169,0.844,12.596,1.392,1.211,0.771,7.041,0.007,0.355,"2,221.692","2,284.210","1,076.757","1,563.701",0.2311,0.0925,0.0233,0.1111,0.0336,0.0185,0.0025,0.0156,"2,237.072","2,291.703","1,078.060","1,570.959",--,--,0.080,0.920,0.146,0.120,0.081,0.918,0.139,0.119,0.073,0.503,0.001,0.036,209.760,163.326,117.844,160.081,0.0218,0.0066,0.0026,0.0114,0.0032,0.0013,0.0003,0.0016,211.212,163.861,117.986,160.824,--,--,1.349,1.387,0.322,"1,522.597",0.100,0.014,"1,529.074",--,"1,562,742","23,041","2,115,780",0,"4,295,723","16,642","9,345,428","46,639",0,0,0,"3,701,564","13,704,432",0,"9,408,709","3,718,206","13,687,790",0,9.0%,0.1%,12.2%,0.0%,24.7%,0.1%,53.7%,0.3%,0.0%,0.0%,0.0%,21.3%,78.7%,0.0%,54.1%,21.4%,78.6%,0.0%,"1,053,457","14,216","1,799,655",0,0,0,0,0,0,0,0,36.7%,0.5%,62.8%,0.0%,0.0%,0.0%,0.0%,0.0%,0.0%,0.0%,0.0%
2023,TN,47,"24,375","303,419,648","154,693,467","730,708,692","336,330,091","77,754,007","35,109,998","23,644,504","9,226","4,504","8,285","25,552,567","4,581,725","659,974","25,704,157",--,0.237,0.257,0.213,657.267,0.059,0.008,661.166,--,0.061,0.058,0.055,168.431,0.015,0.002,169.430,--,0.589,0.636,0.529,"1,630.115",0.146,0.021,"1,639.786",--,0.841,35.127,0.246,0.555,0.823,35.364,0.245,0.561,1.004,3.081,0.008,0.524,"2,448.434","1,841.945",902.680,"1,704.730",0.2713,0.0741,0.0177,0.1493,0.0395,0.0148,0.0018,0.0214,"2,466.493","1,847.955",903.656,"1,714.570",--,--,0.071,3.135,0.032,0.056,0.069,3.126,0.031,0.056,0.084,0.275,0.001,0.053,206.144,164.406,117.545,172.935,0.0228,0.0066,0.0023,0.0151,0.0033,0.0013,0.0002,0.0022,207.664,164.942,117.672,173.933,--,--,0.559,0.556,0.565,"1,733.322",0.158,0.023,"1,743.734",--,"15,792,909","101,671","14,993,150","37,937,437","7,487,769","452,050","16,213","961,486",0,"10,847",475,"68,836,013","8,917,518",475,"1,429,749","31,350,626","46,402,905",475,20.3%,0.1%,19.3%,48.8%,9.6%,0.6%,0.0%,1.2%,0.0%,0.0%,0.0%,88.5%,11.5%,0.0%,1.8%,40.3%,59.7%,0.0%,"12,828,864",211,"10,319,923",0,0,"107,903",0,0,0,0,"387,603",54.3%,0.0%,43.6%,0.0%,0.0%,0.5%,0.0%,0.0%,0.0%,0.0%,1.6%
2023,TX,48,"166,741","2,924,846,243","1,560,800,419","3,850,320,518","1,942,093,416","544,038,647","263,093,570","166,763,317","129,440","68,354","105,797","208,997,061","24,202,761","3,317,604","209,775,483",--,0.476,0.520,0.389,768.317,0.044,0.006,771.179,--,0.089,0.088,0.072,142.911,0.008,0.001,143.444,--,0.728,0.795,0.595,"1,175.585",0.068,0.009,"1,179.964",--,1.299,6.118,0.577,0.730,1.273,6.391,0.595,0.738,2.843,3.121,0.006,0.599,"2,331.306","2,894.407",883.825,"1,186.826",0.2635,0.0562,0.0163,0.0679,0.0383,0.0097,0.0016,0.0093,"2,348.832","2,898.559",884.711,"1,191.187",--,--,0.116,0.469,0.077,0.088,0.115,0.472,0.078,0.088,0.254,0.239,0.001,0.073,208.084,221.844,118.094,143.634,0.0235,0.0043,0.0022,0.0082,0.0034,0.0007,0.0002,0.0011,209.648,222.163,118.212,144.161,--,--,0.946,0.942,0.808,"1,280.751",0.077,0.011,"1,285.699",--,"70,692,782","232,193","281,027,743","40,679,870","758,033","1,280,466","118,697,617","28,107,092",0,"2,329,379","233,472","394,961,967","148,843,208","233,472","148,085,175","355,562,563","188,242,612","233,472",13.0%,0.0%,51.7%,7.5%,0.1%,0.2%,21.8%,5.2%,0.0%,0.4%,0.0%,72.6%,27.4%,0.0%,27.2%,65.4%,34.6%,0.0%,"38,962,702","138,194","125,023,832",0,0,"456,041",0,0,0,"2,108,237","74,312",23.4%,0.1%,75.0%,0.0%,0.0%,0.3%,0.0%,0.0%,0.0%,1.3%,0.0%
2023,UT,49,"10,132","265,795,870","114,194,951","286,056,738","124,211,722","32,789,440","14,360,960","14,371,871","21,020","8,535","4,516","23,166,056","4,084,941","584,854","23,300,738",--,1.282,1.189,0.275,"1,413.019",0.125,0.018,"1,421.234",--,0.158,0.149,0.034,174.315,0.015,0.002,175.328,--,1.566,1.452,0.336,"1,725.483",0.152,0.022,"1,735.515",--,2.472,19.935,0.431,1.570,2.400,20.017,0.420,1.498,0.598,1.707,0.006,0.336,"2,367.724",961.564,927.214,"1,730.799",0.2599,0.0389,0.0174,0.1527,0.0378,0.0078,0.0017,0.0219,"2,385.022",964.717,928.163,"1,740.869",--,--,0.214,3.386,0.055,0.159,0.205,3.386,0.053,0.150,0.052,0.290,0.001,0.034,205.200,163.326,118.755,175.023,0.0225,0.0066,0.0022,0.0154,0.0033,0.0013,0.0002,0.0022,206.699,163.861,118.876,176.041,--,--,1.887,1.865,0.450,"1,934.773",0.183,0.026,"1,946.888",--,"14,894,152","28,250","11,834,247",0,"768,930","92,276","683,468","3,928,913","458,024","2,747","98,434","26,759,395","5,931,611","98,434","5,162,681","26,851,671","5,839,335","98,434",45.4%,0.1%,36.1%,0.0%,2.3%,0.3%,2.1%,12.0%,1.4%,0.0%,0.3%,81.6%,18.1%,0.3%,15.7%,81.9%,17.8%,0.3%,"9,721,744",675,"4,557,584",0,0,"9,134",0,0,0,0,"82,734",67.6%,0.0%,31.7%,0.0%,0.0%,0.1%,0.0%,0.0%,0.0%,0.0%,0.6%
2023,VA,51,"31,740","436,537,790","206,353,804","769,849,730","340,339,614","91,024,103","40,736,692","25,970,019","7,982","4,015","3,212","24,433,204","3,987,284","522,470","24,558,253",--,0.175,0.197,0.071,536.851,0.044,0.006,539.599,--,0.037,0.039,0.015,111.941,0.009,0.001,112.514,--,0.285,0.320,0.115,872.709,0.071,0.009,877.176,--,1.356,6.730,0.180,0.214,1.444,5.689,0.170,0.201,0.312,1.403,0.037,0.044,"2,216.759","1,419.938",871.312,897.954,0.3393,0.2431,0.0198,0.0263,0.0483,0.0348,0.0023,0.0032,"2,239.048","1,435.977",872.473,899.544,--,--,0.114,0.687,0.024,0.029,0.116,0.632,0.023,0.027,0.026,0.143,0.005,0.006,185.773,144.922,118.169,120.294,0.0284,0.0248,0.0027,0.0035,0.0040,0.0036,0.0003,0.0004,187.641,146.559,118.326,120.507,--,--,0.405,0.402,0.118,956.321,0.071,0.009,960.788,--,"1,415,027","134,545","50,604,694","29,662,935"," (77,115)","3,361,340","46,969","5,398,921",0,"478,300"," (1,513)","82,295,502","8,730,115"," (1,513)","8,807,230","55,993,907","35,031,710"," (1,513)",1.6%,0.1%,55.6%,32.6%,0.0%,3.7%,0.1%,5.9%,0.0%,0.5%,0.0%,90.4%,9.6%,0.0%,9.7%,61.5%,38.5%,0.0%,"1,001,277","87,371","23,505,636",0,0,"1,375,734",0,0,0,0,0,3.9%,0.3%,90.5%,0.0%,0.0%,5.3%,0.0%,0.0%,0.0%,0.0%,0.0%
2023,VT,50,906,"6,273,488","2,512,176","13,340,516","5,279,609","2,480,199","972,580","150,828",208,82,48,"53,300","365,681","48,017","64,782",--,0.168,0.169,0.039,42.981,0.147,0.019,52.239,--,0.066,0.065,0.015,16.992,0.058,0.008,20.653,--,1.024,1.030,0.237,261.836,0.898,0.118,318.240,--,0.000,8.454,0.000,8.454,0.000,6.382,0.000,6.382,0.000,4.948,0.000,4.948,0.000,"3,308.132",0.000,"3,308.132",0.0000,0.1275,0.0000,0.1275,0.0000,0.0255,0.0000,0.0255,0.000,"3,318.463",0.000,"3,318.463",--,--,0.000,0.416,0.000,0.416,0.000,0.279,0.000,0.279,0.000,0.243,0.000,0.243,0.000,162.590,0.000,162.590,0.0000,0.0063,0.0000,0.0063,0.0000,0.0013,0.0000,0.0013,0.000,163.097,0.000,163.097,--,--,1.221,1.198,0.114,539.254,0.949,0.125,598.858,--,0,"2,611","1,264",0,"1,539,245","403,252","339,614","191,503",0,0,"2,710","3,874","2,473,614","2,710","934,369","407,127","2,070,362","2,710",0.0%,0.1%,0.1%,0.0%,62.1%,16.3%,13.7%,7.7%,0.0%,0.0%,0.1%,0.2%,99.7%,0.1%,37.7%,16.4%,83.5%,0.1%,0,"2,421",0,0,0,"148,407",0,0,0,0,0,0.0%,1.6%,0.0%,0.0%,0.0%,98.4%,0.0%,0.0%,0.0%,0.0%,0.0%
2023,WA,53,"31,522","205,426,913","72,862,825","530,225,732","211,401,020","102,953,150","43,668,732","7,438,349","9,338","3,271","2,248","13,647,439","2,343,024","321,884","13,722,891",--,0.181,0.150,0.044,265.119,0.023,0.003,266.585,--,0.091,0.090,0.022,132.869,0.011,0.002,133.604,--,0.742,0.613,0.179,"1,084.511",0.093,0.013,"1,090.507",--,1.983,41.000,0.386,0.665,1.938,56.000,0.403,0.647,0.561,3.600,0.010,0.106,"2,394.424","2,058.000",867.169,"1,134.455",0.2817,0.0833,0.0170,0.0634,0.0410,0.0167,0.0017,0.0086,"2,413.172","2,064.800",868.099,"1,138.503",--,--,0.174,3.254,0.053,0.083,0.167,3.294,0.055,0.081,0.049,0.286,0.001,0.013,209.760,163.333,118.677,141.349,0.0247,0.0066,0.0023,0.0079,0.0036,0.0013,0.0002,0.0011,211.402,163.873,118.804,141.853,--,--,1.020,0.996,0.230,"1,046.356",0.101,0.014,"1,052.912",--,"4,162,607","23,717","19,407,851","8,435,018","61,435,460","1,266,801","7,549,639","364,316",0,"306,925",816,"32,336,118","70,616,216",816,"9,180,756","25,167,901","77,784,433",816,4.0%,0.0%,18.9%,8.2%,59.7%,1.2%,7.3%,0.4%,0.0%,0.3%,0.0%,31.4%,68.6%,0.0%,8.9%,24.4%,75.6%,0.0%,"1,049,536",10,"5,753,570",0,0,"635,233",0,0,0,0,0,14.1%,0.0%,77.4%,0.0%,0.0%,8.5%,0.0%,0.0%,0.0%,0.0%,0.0%
2023,WI,55,"19,254","452,056,005","219,564,582","570,083,989","271,703,308","62,538,903","28,913,834","20,021,405","15,900","7,906","4,518","36,178,632","6,271,883","889,087","36,384,243",--,0.508,0.547,0.144,"1,156.996",0.100,0.014,"1,163.572",--,0.070,0.072,0.020,160.063,0.014,0.002,160.972,--,0.664,0.714,0.189,"1,509.810",0.131,0.019,"1,518.391",--,0.716,1.065,0.548,0.626,0.728,0.970,0.613,0.671,0.324,0.849,0.018,0.159,"2,190.992",354.233,"1,011.071","1,539.845",0.2452,0.5527,0.0169,0.1220,0.0357,0.0738,0.0017,0.0173,"2,207.306",389.253,"1,012.005","1,547.850",--,--,0.069,0.115,0.064,0.067,0.070,0.103,0.069,0.069,0.031,0.092,0.002,0.017,209.658,38.352,118.389,163.751,0.0235,0.0598,0.0020,0.0130,0.0034,0.0080,0.0002,0.0018,211.219,42.144,118.498,164.602,--,--,0.833,0.841,0.273,"1,811.754",0.188,0.027,"1,824.162",--,"21,086,690","91,091","25,621,194","9,682,767","1,925,966","1,030,313","1,737,844","1,267,636",0,"95,460", (58),"56,577,202","5,961,759", (58),"4,035,793","47,924,748","14,614,213", (58),33.7%,0.1%,41.0%,15.5%,3.1%,1.6%,2.8%,2.0%,0.0%,0.2%,0.0%,90.5%,9.5%,0.0%,6.5%,76.6%,23.4%,0.0%,"12,548,873","195,216","6,640,380",0,0,"636,936",0,0,0,0,0,62.7%,1.0%,33.2%,0.0%,0.0%,3.2%,0.0%,0.0%,0.0%,0.0%,0.0%
2023,WV,54,"15,699","514,522,720","237,028,304","526,872,871","240,919,229","52,286,784","23,319,990","28,176,643","27,758","11,188","39,162","51,094,199","11,394,572","1,654,257","51,472,912",--,1.062,0.959,1.498,"1,954.383",0.218,0.032,"1,968.869",--,0.108,0.094,0.152,198.608,0.022,0.003,200.080,--,1.140,1.031,1.609,"2,099.139",0.234,0.034,"2,114.698",--,1.190,0.000,0.536,1.141,1.053,0.000,0.510,1.009,1.740,0.000,0.005,1.609,"2,176.957",0.000,"1,148.192","2,099.531",0.2514,0.0000,0.0218,0.2341,0.0366,0.0000,0.0022,0.0340,"2,193.689",0.000,"1,149.378","2,115.092",--,--,0.112,0.000,0.053,0.108,0.098,0.000,0.049,0.094,0.164,0.000,0.001,0.152,205.131,0.000,114.215,198.624,0.0237,0.0000,0.0022,0.0221,0.0034,0.0000,0.0002,0.0032,206.708,0.000,114.333,200.096,--,--,1.194,1.060,1.432,"2,149.051",0.243,0.035,"2,165.219",--,"44,797,569","162,826","3,679,658",0,"1,530,183","9,088","2,089,439",0,0,"31,968"," (13,947)","48,672,021","3,628,710"," (13,947)","2,098,527","48,681,109","3,619,622"," (13,947)",85.7%,0.3%,7.0%,0.0%,2.9%,0.0%,4.0%,0.0%,0.0%,0.1%,0.0%,93.1%,6.9%,0.0%,4.0%,93.1%,6.9%,0.0%,"26,963,166",0,"1,206,270",0,0,"7,207",0,0,0,0,0,95.7%,0.0%,4.3%,0.0%,0.0%,0.0%,0.0%,0.0%,0.0%,0.0%,0.0%
2023,WY,56,"11,105","383,489,536","169,007,062","420,060,768","181,921,157","43,176,351","18,027,176","14,476,628","25,944","11,010","24,027","39,297,340","8,407,261","1,220,770","39,576,794",--,1.202,1.221,1.113,"1,820.318",0.195,0.028,"1,833.263",--,0.135,0.130,0.125,204.946,0.022,0.003,206.404,--,1.555,1.580,1.440,"2,355.281",0.252,0.037,"2,372.030",--,1.539,35.713,1.907,1.554,1.478,35.786,1.980,1.495,1.501,3.234,0.015,1.441,"2,420.593","1,820.707",797.876,"2,354.401",0.2621,0.0737,0.0150,0.2520,0.0381,0.0147,0.0015,0.0366,"2,438.025","1,826.679",798.692,"2,371.156",--,--,0.132,3.204,0.281,0.135,0.127,3.206,0.295,0.130,0.128,0.290,0.002,0.125,206.958,163.326,117.640,204.808,0.0224,0.0066,0.0022,0.0219,0.0033,0.0013,0.0002,0.0032,208.448,163.861,117.760,206.265,--,--,1.612,1.548,1.587,"2,356.978",0.252,0.037,"2,373.731",--,"30,844,003","43,712","2,129,478",0,"917,358",0,"8,631,527","173,689",0,"352,366","84,218","33,369,559","9,722,574","84,218","8,805,216","33,369,559","9,722,574","84,218",71.4%,0.1%,4.9%,0.0%,2.1%,0.0%,20.0%,0.4%,0.0%,0.8%,0.2%,77.3%,22.5%,0.2%,20.4%,77.3%,22.5%,0.2%,"13,926,952",501,"544,504",0,0,0,0,0,0,"4,672",0,96.2%,0.0%,3.8%,0.0%,0.0%,0.0%,0.0%,0.0%,0.0%,0.0%,0.0%